,grp_uuid,user_id,request_time,grp_status,encrypt_data,grp_delete,st_files,st_dirs,st_successful,st_failed,st_expired,st_canceled,st_bytes_xfered,st_faults,st_skipped_errors,src_host_ep_id,dst_host_ep_id,complete_time
0,cfa4b772-89f6-11df-a740-123139143882,1,2010-07-07 18:38:18.356061,2,False,False,10,0,10,0,0,0,1048576000,0,0,3,2,2010-07-07 18:39:01.877251
1,ee145032-89f6-11df-b8d4-123139143882,1,2010-07-07 18:39:09.395804,2,False,False,100,0,100,0,0,0,10485760000,0,0,3,2,2010-07-07 18:52:02.141284
2,729c901e-89fa-11df-b391-123139143882,1,2010-07-07 19:04:20.249963,2,False,False,10000,0,10000,0,0,0,1048576000000,160,0,3,2,2010-07-07 20:29:01.849598
3,ed741d70-8aa4-11df-94cf-123139143882,1,2010-07-08 15:24:40.780741,2,False,False,10,0,10,0,0,0,1048576000,0,0,3,2,2010-07-08 15:26:01.821227
4,a077cd2a-8ab1-11df-bd28-123139143882,1,2010-07-08 16:55:35.077651,2,False,False,10,0,10,0,0,0,1048576000,0,0,3,2,2010-07-08 16:56:01.686220
5,076178b0-8acb-11df-b04e-123139143882,1,2010-07-08 19:57:25.152007,2,False,False,5000,0,5000,0,0,0,524288000000,2048,0,3,2,2010-07-08 21:10:01.758771
6,12da9d2a-8acb-11df-87c1-123139143882,4,2010-07-08 19:57:44.415395,2,False,False,5000,0,5000,0,0,0,524288000000,1920,0,9,8,2010-07-08 21:10:11.691745
7,68a8e002-8adc-11df-af99-123139143882,5,2010-07-08 22:01:49.805836,2,False,False,10000,0,10000,0,0,0,1048576000000,0,0,12,11,2010-07-08 23:32:01.850541
8,9edacdc4-9050-11df-a74f-123139143882,1,2010-07-15 20:36:18.182334,2,False,False,100,0,100,0,0,0,214748889088,1751,0,3,1,2010-07-15 21:10:01.610819
9,3af35172-905b-11df-9cbe-123139143882,1,2010-07-15 21:52:15.047738,3,False,False,100,0,27,0,0,73,57982058496,2289,0,3,1,2010-07-15 22:07:01.920241
10,c177c000-9071-11df-a8a4-123139143882,1,2010-07-16 00:33:29.626222,2,False,False,100,0,100,0,0,0,214748364800,1277,0,13,1,2010-07-16 01:18:02.115430
11,64069518-9076-11df-8a34-123139143882,1,2010-07-16 01:06:40.350505,3,False,False,100,0,5,0,0,95,10737418240,95,0,13,2,2010-07-16 01:37:01.909878
12,83f2efbc-907f-11df-aa00-123139143882,1,2010-07-16 02:11:59.383270,2,False,False,100,0,100,0,0,0,214748364800,298,0,13,1,2010-07-16 02:57:02.243351
13,b889624a-9086-11df-94a1-123139143882,1,2010-07-16 03:03:34.099069,3,False,False,100,0,20,0,0,80,42950197248,2698,0,13,1,2010-07-16 03:22:02.384152
14,76aa7fda-908b-11df-85c1-123139143882,1,2010-07-16 03:37:31.056567,2,False,False,100,0,100,0,0,0,214748364800,796,0,14,1,2010-07-16 04:37:02.061149
15,b528297e-90d1-11df-ab0d-123139143882,1,2010-07-16 12:00:20.675805,3,False,False,100,0,11,0,0,89,23618125824,89,0,14,2,2010-07-16 13:21:01.544836
16,10630388-90df-11df-b07a-123139143882,1,2010-07-16 13:35:57.185573,3,False,False,100,0,12,0,0,88,25751977984,88,0,15,2,2010-07-16 15:02:01.976498
17,3dc4f95e-90ed-11df-8eec-123139143882,1,2010-07-16 15:17:29.696036,2,False,False,1,0,1,0,0,0,5368709120,0,0,15,2,2010-07-16 15:19:02.065401
18,2190550c-90ee-11df-9a05-123139143882,1,2010-07-16 15:23:53.646560,3,False,False,1,0,0,0,1,0,545259520,0,0,15,2,2010-07-16 15:51:01.487024
19,37d608da-9106-11df-8305-123139143882,1,2010-07-16 18:16:13.732567,3,False,False,10000,0,3584,0,0,6416,374167568384,0,0,15,2,2010-07-16 19:51:01.444431
20,af190bec-9113-11df-ae8c-123139143882,1,2010-07-16 19:52:37.288519,2,False,False,10000,0,10000,0,0,0,1046155886592,588,0,15,2,2010-07-16 22:47:01.982234
21,234e2124-92ee-11df-9822-123139143882,1,2010-07-19 04:28:54.626300,2,False,False,3,0,3,0,0,0,314572800,0,0,15,16,2010-07-19 04:31:01.763395
22,07567f96-94da-11df-8768-123139076201,8,2010-07-21 15:09:59.181725,3,False,False,10,0,0,0,0,10,0,290,0,20,19,2010-07-21 15:15:02.374116
23,d26265dc-94db-11df-b748-123139076201,8,2010-07-21 15:22:49.314590,2,False,False,10,0,10,0,0,0,21474836480,139,0,20,21,2010-07-21 15:31:02.242586
24,8df71a3e-94e3-11df-beaf-123139076201,7,2010-07-21 16:18:16.125161,3,False,False,40,0,0,0,0,40,0,30120,0,22,23,2010-07-21 18:28:02.036819
25,ba7699de-94f9-11df-8d13-123139076201,7,2010-07-21 18:56:56.102062,2,False,False,25,0,25,0,0,0,1975207125,1549,0,22,23,2010-07-21 19:09:02.182336
26,939cfd1e-94fc-11df-9dbe-123139076201,10,2010-07-21 19:18:31.680733,3,False,False,1,0,0,0,0,1,0,8,0,24,25,2010-07-21 19:20:01.565044
27,e576f57c-94fc-11df-97c7-123139076201,10,2010-07-21 19:20:19.401182,3,False,False,1,0,0,0,0,1,0,18,0,24,25,2010-07-21 19:23:02.029935
28,629cbfea-94fe-11df-80d6-123139076201,10,2010-07-21 19:30:28.156066,2,False,False,1,0,1,0,0,0,213264,0,0,24,25,2010-07-21 19:31:02.037929
29,3edadcce-9506-11df-88f8-123139076201,1,2010-07-21 20:26:32.246915,3,False,False,1,0,0,0,0,1,0,32,0,6,4,2010-07-21 20:30:01.612354
30,90a67184-9507-11df-b7ee-123139076201,9,2010-07-21 20:35:56.885482,2,False,False,12,0,12,0,0,0,5416605,0,0,26,27,2010-07-21 20:37:01.794020
31,f900254a-9507-11df-ba72-123139076201,9,2010-07-21 20:38:51.971537,2,False,False,12,0,12,0,0,0,5416605,0,0,26,27,2010-07-21 20:40:02.290878
32,bf52f174-9511-11df-9b5d-123139076201,1,2010-07-21 21:48:59.731069,3,False,False,1,0,0,0,1,0,0,57,0,6,4,2010-07-21 21:55:02.376827
33,0a5e0828-9564-11df-8d95-123139076201,1,2010-07-22 07:38:03.236520,3,False,False,1,0,0,0,0,1,0,14,0,6,4,2010-07-22 07:40:02.387919
34,f83f8be0-95e4-11df-bc58-123139076201,14,2010-07-22 23:00:49.472272,2,False,False,5,0,5,0,0,0,1600020480,0,0,28,29,2010-07-22 23:02:02.290586
35,145845be-95e6-11df-9f0c-123139076201,14,2010-07-22 23:08:46.116300,2,False,False,5,0,5,0,0,0,1600020480,0,0,28,30,2010-07-22 23:10:02.445481
36,d6690d76-95e8-11df-a990-123139076201,14,2010-07-22 23:28:30.698999,3,False,False,5,0,0,0,0,5,0,100,0,28,29,2010-07-22 23:37:02.309899
37,3772bdea-95f0-11df-9de6-123139076201,14,2010-07-23 00:21:19.969499,2,False,False,5,0,5,0,0,0,1600020480,0,0,28,29,2010-07-23 00:23:01.710406
38,0de9b662-95f1-11df-aa14-123139076201,14,2010-07-23 00:27:19.797666,3,False,False,1,0,0,0,1,0,0,3,0,28,30,2010-07-23 00:29:01.779911
39,9f42c0a4-95f1-11df-af4d-123139076201,14,2010-07-23 00:31:23.637459,2,False,False,5,0,5,0,0,0,1600020480,0,0,28,29,2010-07-23 00:33:01.717123
40,741984ae-95f0-11df-ba96-123139076201,14,2010-07-23 00:23:01.735708,3,False,False,5,0,0,0,5,0,0,100,0,28,30,2010-07-23 00:34:02.252494
41,d1aeb142-95f1-11df-8923-123139076201,14,2010-07-23 00:32:48.227679,3,False,False,5,0,0,0,0,5,0,40,0,28,30,2010-07-23 00:38:02.247024
42,97b3e8ec-95f4-11df-88cf-123139076201,14,2010-07-23 00:52:39.444866,2,False,False,5,0,5,0,0,0,1600020480,0,0,28,29,2010-07-23 00:54:02.272570
43,c3e8fdb2-95f4-11df-8cb9-123139076201,14,2010-07-23 00:53:53.610901,2,False,False,5,0,5,0,0,0,1600020480,0,0,28,30,2010-07-23 00:55:01.827689
44,ed92b908-95f6-11df-8aaf-123139076201,14,2010-07-23 01:09:22.503641,2,False,False,5,0,5,0,0,0,1600020480,0,0,28,29,2010-07-23 01:11:01.518792
45,b02c925e-95f7-11df-901e-123139076201,14,2010-07-23 01:14:49.006169,3,False,False,1,0,0,0,1,0,0,59,0,28,29,2010-07-23 01:25:02.322362
46,dab698d0-95f7-11df-9228-123139076201,14,2010-07-23 01:16:00.369043,2,False,False,5,0,5,0,0,0,1600020480,260,0,28,29,2010-07-23 01:26:01.827691
47,0fd5ff9c-962f-11df-a678-123139076201,1,2010-07-23 07:51:20.342689,2,False,False,1,0,1,0,0,0,209715200,0,0,6,4,2010-07-23 07:52:01.894227
48,491c7d8c-9669-11df-9f0f-123139076201,1,2010-07-23 14:48:05.400471,2,False,False,1,0,1,0,0,0,209715200,0,0,6,4,2010-07-23 14:49:01.766721
49,ae20acec-9670-11df-bcaf-123139076201,20,2010-07-23 15:40:54.660613,2,False,False,1,0,1,0,0,0,4,0,0,35,36,2010-07-23 15:42:01.913532
50,b3896e84-985b-11df-8bee-123139076201,14,2010-07-26 02:15:46.629176,2,False,False,5,0,5,0,0,0,1600020480,0,0,28,29,2010-07-26 02:17:01.844391
51,4fe29da4-985d-11df-93bb-123139076201,14,2010-07-26 02:27:18.437447,2,False,False,5,0,5,0,0,0,1600020480,0,0,28,29,2010-07-26 02:29:02.257929
52,7fe6cc78-985d-11df-83f9-123139076201,14,2010-07-26 02:28:39.004196,2,False,False,5,0,5,0,0,0,1600020480,0,0,28,30,2010-07-26 02:30:02.315590
53,89ca3b7e-98eb-11df-8888-123139076201,23,2010-07-26 19:25:24.148611,3,False,False,1,0,0,0,0,1,0,135,0,66,66,2010-07-26 19:37:01.774017
54,84439844-98eb-11df-ab41-123139076201,23,2010-07-26 19:25:14.849527,3,False,False,1,0,0,0,0,1,0,136,0,66,66,2010-07-26 19:37:01.774018
55,40d25940-98ed-11df-bcba-123139076201,23,2010-07-26 19:37:40.690388,2,False,False,1,0,1,0,0,0,10000000,0,0,66,66,2010-07-26 19:38:02.342728
56,476cc66e-98ed-11df-ac16-123139076201,23,2010-07-26 19:37:51.781999,2,False,False,1,0,1,0,0,0,10000000,0,0,66,66,2010-07-26 19:38:02.342729
57,5072aa14-98eb-11df-b576-123139076201,23,2010-07-26 19:23:47.918389,3,False,False,1,0,0,0,0,1,0,155,0,66,66,2010-07-26 19:38:02.342730
58,3f6d5578-98ed-11df-b1a0-123139076201,23,2010-07-26 19:37:38.350581,2,False,False,1,0,1,0,0,0,10000000,0,0,66,66,2010-07-26 19:38:02.342731
59,360732e2-98ed-11df-9eca-123139076201,23,2010-07-26 19:37:22.586675,2,False,False,1,0,1,0,0,0,10000000,0,0,66,66,2010-07-26 19:38:02.342732
60,ce53fabe-98f0-11df-947a-123139076201,23,2010-07-26 20:03:06.608039,2,False,False,1,0,1,0,0,0,10000000,0,0,66,66,2010-07-26 20:04:01.538163
61,0ed57bee-98f6-11df-95db-123139076201,23,2010-07-26 20:40:42.296396,2,False,False,1,0,1,0,0,0,10000000,11016,0,66,66,2010-07-27 14:58:01.515729
62,066a557c-98f3-11df-a339-123139076201,23,2010-07-26 20:18:59.693882,2,False,False,1,0,1,0,0,0,10000000,11272,0,66,66,2010-07-27 14:58:01.515730
63,031d26d6-98ff-11df-97ec-123139076201,23,2010-07-26 21:44:48.119814,2,False,False,1,0,1,0,0,0,10000000,10255,0,66,66,2010-07-27 14:58:01.515731
64,2be785ee-98fe-11df-968b-123139076201,23,2010-07-26 21:38:47.044571,2,False,False,1,0,1,0,0,0,10000000,10333,0,66,66,2010-07-27 14:59:02.052904
65,127c42e0-98fc-11df-9f07-123139076201,23,2010-07-26 21:23:45.424962,2,False,False,1,0,1,0,0,0,10000000,10508,0,66,66,2010-07-27 14:59:02.052905
66,10b14a8e-98fa-11df-bce6-123139076201,23,2010-07-26 21:09:23.405633,2,False,False,1,0,1,0,0,0,10000000,10678,0,66,66,2010-07-27 14:59:02.052906
67,226be40e-9900-11df-b3eb-123139076201,23,2010-07-26 21:52:50.156027,2,False,False,1,0,1,0,0,0,10000000,10167,0,66,66,2010-07-27 14:59:02.052907
68,326ccca4-98fd-11df-921b-123139076201,23,2010-07-26 21:31:48.502122,2,False,False,1,0,1,0,0,0,10000000,10418,0,66,66,2010-07-27 15:00:02.322831
69,380e8510-98f5-11df-bc24-123139076201,23,2010-07-26 20:34:41.976342,2,False,False,1,0,1,0,0,0,10000000,11095,0,66,66,2010-07-27 15:00:02.322832
70,2f28e5d8-98f2-11df-a9ab-123139076201,23,2010-07-26 20:12:58.560075,2,False,False,1,0,1,0,0,0,10000000,11350,0,66,66,2010-07-27 15:00:02.322833
71,319da764-98f1-11df-aeee-123139076201,23,2010-07-26 20:05:53.170141,2,False,False,1,0,1,0,0,0,10000000,11434,0,66,66,2010-07-27 15:00:02.322834
72,4dd19164-98f3-11df-9cc9-123139076201,23,2010-07-26 20:20:59.490036,2,False,False,1,0,1,0,0,0,10000000,11262,0,66,66,2010-07-27 15:01:01.600086
73,4acb2b2c-98ff-11df-87a6-123139076201,23,2010-07-26 21:46:48.363846,2,False,False,1,0,1,0,0,0,10000000,10245,0,66,66,2010-07-27 15:01:01.600087
74,567d0dfe-98f6-11df-ae81-123139076201,23,2010-07-26 20:42:42.533148,2,False,False,1,0,1,0,0,0,10000000,11006,0,66,66,2010-07-27 15:01:01.600088
75,401ac56e-9901-11df-894f-123139076201,23,2010-07-26 22:00:49.431762,2,False,False,1,0,1,0,0,0,10000000,10080,0,66,66,2010-07-27 15:01:01.600089
76,419667ca-98f9-11df-970b-123139076201,23,2010-07-26 21:03:35.957991,2,False,False,1,0,1,0,0,0,10000000,10755,0,66,66,2010-07-27 15:01:01.600090
77,69b47984-98fb-11df-896d-123139076201,23,2010-07-26 21:19:02.237527,2,False,False,1,0,1,0,0,0,10000000,10580,0,66,66,2010-07-27 15:02:02.142834
78,5b6155ea-98fc-11df-b00e-123139076201,23,2010-07-26 21:25:47.701914,2,False,False,1,0,1,0,0,0,10000000,10496,0,66,66,2010-07-27 15:02:02.142835
79,64f91200-98f7-11df-8403-123139076201,23,2010-07-26 20:50:16.325407,2,False,False,1,0,1,0,0,0,10000000,10919,0,66,66,2010-07-27 15:02:02.142836
80,58d0d9a6-98fa-11df-a08d-123139076201,23,2010-07-26 21:11:24.429885,2,False,False,1,0,1,0,0,0,10000000,10667,0,66,66,2010-07-27 15:02:02.142837
81,747b6190-98fe-11df-929d-123139076201,23,2010-07-26 21:40:48.827917,2,False,False,1,0,1,0,0,0,10000000,10319,0,66,66,2010-07-27 15:02:02.142838
82,69301338-9900-11df-bc0e-123139076201,23,2010-07-26 21:54:48.861600,2,False,False,1,0,1,0,0,0,10000000,10158,0,66,66,2010-07-27 15:02:02.142839
83,76be456e-98f2-11df-8a8b-123139076201,23,2010-07-26 20:14:58.642111,2,False,False,1,0,1,0,0,0,10000000,11341,0,66,66,2010-07-27 15:03:01.686433
84,7eab69de-98f5-11df-8ffb-123139076201,23,2010-07-26 20:36:40.435038,2,False,False,1,0,1,0,0,0,10000000,11085,0,66,66,2010-07-27 15:03:01.686434
85,9d50034e-98f6-11df-90e1-123139076201,23,2010-07-26 20:44:41.345653,2,False,False,1,0,1,0,0,0,0,10992,0,66,66,2010-07-27 15:03:01.686435
86,95dd4528-98ff-11df-b1c9-123139076201,23,2010-07-26 21:48:54.317221,2,False,False,1,0,1,0,0,0,10000000,10232,0,66,66,2010-07-27 15:03:01.686436
87,87ba40c0-9901-11df-9fbe-123139076201,23,2010-07-26 22:02:49.586686,2,False,False,1,0,1,0,0,0,10000000,10070,0,66,66,2010-07-27 15:03:01.686437
88,b1db35ea-9900-11df-bb67-123139076201,23,2010-07-26 21:56:50.769113,2,False,False,1,0,1,0,0,0,10000000,10148,0,66,66,2010-07-27 15:04:02.206730
89,071b3278-9990-11df-878d-123139076201,23,2010-07-27 15:02:51.837249,2,False,False,1,0,1,0,0,0,10000000,0,0,66,66,2010-07-27 15:04:02.206731
90,a26dc040-98fc-11df-9caa-123139076201,23,2010-07-26 21:27:46.898002,2,False,False,1,0,1,0,0,0,10000000,10481,0,66,66,2010-07-27 15:04:02.206732
91,a8f0f9e4-98f4-11df-a03a-123139076201,23,2010-07-26 20:30:41.852561,2,False,False,1,0,1,0,0,0,10000000,11164,0,66,66,2010-07-27 15:04:02.206733
92,ad240e66-98f9-11df-8678-123139076201,23,2010-07-26 21:06:36.390090,2,False,False,1,0,1,0,0,0,10000000,10735,0,66,66,2010-07-27 15:04:02.206734
93,a3164d30-998f-11df-b91d-123139076201,23,2010-07-27 15:00:04.027472,2,False,False,1,0,1,0,0,0,10000000,18,0,66,66,2010-07-27 15:04:02.206735
94,bba3e54c-98fe-11df-9ce4-123139076201,23,2010-07-26 21:42:48.202012,2,False,False,1,0,1,0,0,0,10000000,10314,0,66,66,2010-07-27 15:05:01.769077
95,cc1da118-98fb-11df-8da6-123139076201,23,2010-07-26 21:21:47.342566,2,False,False,1,0,1,0,0,0,0,10566,0,66,66,2010-07-27 15:05:01.769078
96,cdec7e7e-98f1-11df-8ff4-123139076201,23,2010-07-26 20:10:15.410592,2,False,False,1,0,1,0,0,0,10000000,11414,0,66,66,2010-07-27 15:05:01.769079
97,be7c9996-98f2-11df-8931-123139076201,23,2010-07-26 20:16:59.005450,2,False,False,1,0,1,0,0,0,10000000,11331,0,66,66,2010-07-27 15:05:01.769080
98,b6c591b6-98f3-11df-ab9b-123139076201,23,2010-07-26 20:23:55.558559,2,False,False,1,0,1,0,0,0,10000000,11247,0,66,66,2010-07-27 15:05:01.769081
99,c6586804-98f5-11df-92ea-123139076201,23,2010-07-26 20:38:40.695446,2,False,False,1,0,1,0,0,0,10000000,11075,0,66,66,2010-07-27 15:05:01.769082
100,da849762-98ff-11df-a397-123139076201,23,2010-07-26 21:50:49.500661,2,False,False,1,0,1,0,0,0,10000000,10226,0,66,66,2010-07-27 15:06:02.252882
101,ea2cb274-98fc-11df-8539-123139076201,23,2010-07-26 21:29:47.274203,2,False,False,1,0,1,0,0,0,10000000,10476,0,66,66,2010-07-27 15:06:02.252883
102,f1aa52ca-98f4-11df-8df0-123139076201,23,2010-07-26 20:32:43.862243,2,False,False,1,0,1,0,0,0,10000000,11153,0,66,66,2010-07-27 15:06:02.252884
103,e513a60e-98f6-11df-9798-123139076201,23,2010-07-26 20:46:41.745796,2,False,False,1,0,1,0,0,0,10000000,10985,0,66,66,2010-07-27 15:06:02.252885
104,f86bd3f2-9900-11df-83e3-123139076201,23,2010-07-26 21:58:49.157962,2,False,False,1,0,1,0,0,0,10000000,10136,0,66,66,2010-07-27 15:06:02.252886
105,cf529f54-9901-11df-aa9e-123139076201,23,2010-07-26 22:04:49.722089,2,False,False,1,0,1,0,0,0,10000000,10062,0,66,66,2010-07-27 15:06:02.252887
106,dedb5728-99af-11df-8eab-123139076201,16,2010-07-27 18:50:48.224507,3,False,False,4,0,0,0,0,4,0,1144,0,50,37,2010-07-27 19:46:02.045038
107,920cae7a-9990-11df-8925-123139076201,23,2010-07-27 15:06:44.953075,3,False,False,1,0,0,0,1,0,0,2078,0,67,66,2010-07-28 15:07:02.344589
108,f320aba8-9990-11df-9259-123139076201,23,2010-07-27 15:09:27.813299,3,False,False,1,0,0,0,1,0,0,2013,0,67,66,2010-07-28 15:10:01.974722
109,3cee07f8-9991-11df-99b0-123139076201,23,2010-07-27 15:11:31.637947,3,False,False,1,0,0,0,1,0,0,2031,0,67,66,2010-07-28 15:12:02.055141
110,b42c6e92-99a8-11df-98ec-123139076201,23,2010-07-27 17:59:30.120711,3,False,False,1,0,0,0,1,0,0,1914,0,66,67,2010-07-28 18:00:02.414122
111,18609186-99a9-11df-983e-123139076201,23,2010-07-27 18:02:18.225754,3,False,False,1,0,0,0,1,0,0,16466,0,66,67,2010-07-28 18:03:01.545864
112,5f8338fc-99a9-11df-94f9-123139076201,23,2010-07-27 18:04:17.567600,3,False,False,1,0,0,0,1,0,0,1969,0,66,67,2010-07-28 18:05:01.628502
113,aa71cebe-99a9-11df-95bf-123139076201,23,2010-07-27 18:06:23.302891,3,False,False,1,0,0,0,1,0,0,1993,0,66,67,2010-07-28 18:07:01.687835
114,eecf9776-99a9-11df-9fec-123139076201,23,2010-07-27 18:08:17.984430,3,False,False,1,0,0,0,1,0,0,2015,0,66,67,2010-07-28 18:09:01.767755
115,36299fcc-99aa-11df-8ffe-123139076201,23,2010-07-27 18:10:17.691140,3,False,False,1,0,0,0,1,0,0,16462,0,66,67,2010-07-28 18:11:01.835427
116,7efb6c8a-99aa-11df-ad3c-123139076201,23,2010-07-27 18:12:19.862103,3,False,False,1,0,0,0,1,0,0,2061,0,66,67,2010-07-28 18:13:01.951256
117,c84d0d3a-99aa-11df-997a-123139076201,23,2010-07-27 18:14:22.879568,3,False,False,1,0,0,0,1,0,0,2084,0,66,67,2010-07-28 18:15:01.976932
118,0d64b09e-99ab-11df-8b48-123139076201,23,2010-07-27 18:16:18.789528,3,False,False,1,0,0,0,1,0,0,16460,0,66,67,2010-07-28 18:17:01.990748
119,5658ceac-99ab-11df-8ebe-123139076201,23,2010-07-27 18:18:21.184912,3,False,False,1,0,0,0,1,0,0,2129,0,66,67,2010-07-28 18:19:02.035952
120,9fbc3944-99ab-11df-97f9-123139076201,23,2010-07-27 18:20:24.322750,3,False,False,1,0,0,0,1,0,0,2153,0,66,67,2010-07-28 18:21:02.131801
121,e510f8d6-99ab-11df-bf1d-123139076201,23,2010-07-27 18:22:20.636175,3,False,False,1,0,0,0,1,0,0,2175,0,66,67,2010-07-28 18:23:02.183497
122,2d390856-99ac-11df-bd72-123139076201,23,2010-07-27 18:24:21.688986,3,False,False,1,0,0,0,1,0,0,16457,0,66,67,2010-07-28 18:25:02.241969
123,7588f850-99ac-11df-bef5-123139076201,23,2010-07-27 18:26:23.023244,3,False,False,1,0,0,0,1,0,0,2221,0,66,67,2010-07-28 18:27:02.292172
124,bd7203c8-99ac-11df-981b-123139076201,23,2010-07-27 18:28:23.661376,3,False,False,1,0,0,0,1,0,0,2244,0,66,67,2010-07-28 18:29:02.352412
125,03360d82-99ad-11df-a01f-123139076201,23,2010-07-27 18:30:20.701914,3,False,False,1,0,0,0,1,0,0,16454,0,66,67,2010-07-28 18:31:02.395360
126,4b5a17d4-99ad-11df-bbbf-123139076201,23,2010-07-27 18:32:21.742891,3,False,False,1,0,0,0,1,0,0,2289,0,66,67,2010-07-28 18:33:01.522928
127,9315e9e0-99ad-11df-a214-123139076201,23,2010-07-27 18:34:22.087855,3,False,False,1,0,0,0,1,0,0,2312,0,66,67,2010-07-28 18:35:01.515523
128,dc0ea52e-99ad-11df-8271-123139076201,23,2010-07-27 18:36:24.515802,3,False,False,1,0,0,0,1,0,0,2335,0,66,67,2010-07-28 18:37:01.554737
129,228f5606-99ae-11df-951d-123139076201,23,2010-07-27 18:38:22.799827,3,False,False,1,0,0,0,1,0,0,16451,0,66,67,2010-07-28 18:39:01.561919
130,96a0fe6a-99b7-11df-8880-123139076201,16,2010-07-27 19:46:02.999266,3,False,False,4,0,2,0,2,0,2785804384,1394,0,50,37,2010-07-28 19:47:02.306322
131,4ee17cc2-9a83-11df-bbfd-123139076201,16,2010-07-28 20:04:19.968782,2,False,False,4,0,4,0,0,0,39594137816,0,0,50,38,2010-07-28 21:02:02.034155
132,2d6fb974-9ac8-11df-a1b7-123139076201,16,2010-07-29 04:17:19.128572,2,False,False,4,0,4,0,0,0,39594137816,0,0,50,38,2010-07-29 05:14:02.443056
133,cdd2cb8e-9b1f-11df-b862-123139076201,1,2010-07-29 14:44:34.428731,2,False,False,10,0,10,0,0,0,21475885056,8,0,15,1,2010-07-29 14:48:01.657856
134,eb3c1cf4-9b31-11df-a0a9-123139076201,7,2010-07-29 16:54:26.094309,2,False,False,20,0,20,0,0,0,1580165700,0,0,22,23,2010-07-29 16:56:01.930075
135,9309addc-9b20-11df-8f29-123139076201,1,2010-07-29 14:50:05.289114,2,False,False,10000,0,10000,0,0,0,21438392172544,218640,0,15,1,2010-07-30 08:02:01.568053
136,61012cd2-9a8c-11df-a71e-123139076201,16,2010-07-28 21:09:15.849220,3,False,False,694138,0,0,0,694138,0,0,0,0,49,42,2010-07-31 21:27:02.162065
137,1c3b4d30-9e56-11df-98f4-123139076201,16,2010-08-02 16:50:52.282011,3,False,False,4,0,0,0,0,4,0,0,0,50,39,2010-08-02 17:52:01.952328
138,c546bb90-9e5f-11df-8a89-123139076201,16,2010-08-02 18:00:01.369125,3,False,False,44,0,0,0,0,44,0,0,0,50,37,2010-08-02 18:24:02.016370
139,5691454c-9e70-11df-a974-123139076201,7,2010-08-02 19:58:41.560849,2,False,False,1,0,1,0,0,0,3801088,0,0,22,23,2010-08-02 19:59:02.123927
140,bbd95898-9e77-11df-8d03-123139076201,11,2010-08-02 20:52:00.945652,2,False,False,1,0,1,0,0,0,102078,0,0,71,70,2010-08-02 20:53:02.517315
141,2275135a-9e80-11df-82af-123139076201,11,2010-08-02 21:51:42.136925,2,False,False,642,0,642,0,0,0,331051261952,8,0,71,70,2010-08-03 07:07:01.905712
142,33d18a82-9e55-11df-8bbd-123139076201,16,2010-08-02 16:44:22.373866,3,False,False,694138,0,243057,0,0,451081,601603915448,19134,0,49,42,2010-08-03 14:24:01.849813
143,6792a27c-9f2a-11df-9c88-123139076201,16,2010-08-03 18:10:31.995743,3,False,False,694138,0,149605,0,0,544533,405917327678,2003,0,49,42,2010-08-04 01:48:02.314357
144,82efdee2-9f87-11df-9405-123139076201,16,2010-08-04 05:17:01.102856,3,False,False,694138,0,202391,0,0,491747,833271798968,7529,0,49,42,2010-08-04 16:51:01.933456
145,1735d9b0-a179-11df-b426-123139076201,1,2010-08-06 16:38:49.731678,2,False,False,10,0,10,0,0,0,21474836480,0,0,15,2,2010-08-06 16:42:01.908074
146,c1eceaa6-a179-11df-94b5-123139076201,1,2010-08-06 16:43:36.155074,3,False,False,10,0,3,0,0,7,6442450944,7,0,15,1,2010-08-06 16:46:01.478040
147,e336aece-a0c8-11df-89c6-123139076201,16,2010-08-05 19:37:31.068185,2,False,False,694138,0,694138,0,0,0,2165814214474,26813,0,49,39,2010-08-07 00:48:01.514717
148,a5464b26-a1cf-11df-96aa-123139076201,28,2010-08-07 02:58:32.045507,3,False,False,15631,0,1187,0,0,14444,2384600295320,442930,0,74,72,2010-08-08 02:40:01.683343
149,7347a6ca-a3fe-11df-a71e-123139076201,16,2010-08-09 21:38:36.810960,2,False,False,4,0,4,0,0,0,37929261272,4,0,50,37,2010-08-10 11:12:02.216625
150,012e6576-a3ed-11df-bee6-123139076201,16,2010-08-09 19:41:13.825080,3,False,False,664432,0,557644,0,0,106788,1842313939369,8448,0,49,39,2010-08-10 19:09:02.434320
151,3032ebcc-a4af-11df-a9a8-123139076201,16,2010-08-10 18:43:38.002909,3,False,False,664432,0,546456,0,0,117976,1761406476744,9480,0,49,39,2010-08-11 16:59:02.215191
152,45171554-a56d-11df-ba15-123139076201,16,2010-08-11 17:24:17.465407,3,False,False,664432,0,643480,0,0,20952,2063256625657,10472,0,49,39,2010-08-12 19:25:01.522100
153,14da20bc-a648-11df-92fe-123139076201,16,2010-08-12 19:30:36.253647,2,False,False,4,0,4,0,0,0,39594137816,0,0,50,37,2010-08-13 00:50:02.275788
154,ac33df76-a647-11df-8f8f-123139076201,16,2010-08-12 19:27:40.733749,3,False,False,664432,0,289147,0,0,375285,1027348065118,3622,0,49,38,2010-08-13 18:01:01.836878
155,5734ac34-a706-11df-907c-123139076201,16,2010-08-13 18:12:31.997693,3,False,False,664432,0,136151,0,0,528281,525804845052,1104,0,49,38,2010-08-14 05:01:02.133129
156,fb1d6ae6-aa1e-11df-993d-123139076201,16,2010-08-17 16:46:28.413103,3,False,False,664432,0,119869,0,0,544563,379504041037,4858,0,49,38,2010-08-18 02:42:02.294388
157,c068b6fe-aa22-11df-bf97-123139076201,16,2010-08-17 17:13:27.855803,2,False,False,4,0,4,0,0,0,39594137816,0,0,50,37,2010-08-18 03:01:01.705942
158,4a97eab8-abf2-11df-b4cc-123139076201,14,2010-08-20 00:31:36.679580,3,False,False,5,0,2,0,3,0,382844928,11,0,28,29,2010-08-20 00:43:01.583368
159,c58adcc4-abf4-11df-b4f1-123139076201,14,2010-08-20 00:49:21.952105,3,False,False,5,0,3,0,2,0,420519936,10,0,28,29,2010-08-20 01:06:02.395092
160,b6e26bbc-ab25-11df-bc0a-123139076201,16,2010-08-19 00:07:11.597653,2,False,False,664432,0,664432,0,0,0,2163878680569,7302,0,49,50,2010-08-20 14:17:01.517969
161,99b36744-ac8d-11df-b4b1-123139076201,32,2010-08-20 19:27:54.846926,3,False,False,694138,0,611848,0,82290,0,1474024662703,75805,0,79,80,2010-08-22 19:30:01.983815
162,a3bf7ac6-b164-11df-a3f5-123139076201,35,2010-08-26 22:52:44.691648,2,False,False,1,0,1,0,0,0,14495514720,0,0,88,84,2010-08-26 22:56:02.175530
163,b6d9c322-b179-11df-887d-123139076201,35,2010-08-27 01:23:36.181325,2,False,False,1,0,1,0,0,0,14495514720,27,0,88,84,2010-08-27 01:35:01.731160
164,3a152bec-b22d-11df-abb5-123139076201,11,2010-08-27 22:48:36.254438,3,False,False,29,0,0,0,29,0,0,15748,0,89,70,2010-08-28 04:49:01.529124
165,51cd626a-b2a3-11df-a14e-123139076201,35,2010-08-28 12:53:56.665218,2,False,False,17,0,17,0,0,0,184817813088,717,0,88,84,2010-08-28 13:53:02.010257
166,e7ffb23a-b43b-11df-b38b-123139076201,31,2010-08-30 13:38:43.311974,2,False,False,2,0,2,0,0,0,4173,0,0,78,77,2010-08-30 13:39:01.874751
167,83f6b2b0-b43c-11df-9183-123139076201,31,2010-08-30 13:43:15.063770,2,False,False,1,0,1,0,0,0,1131,0,0,78,77,2010-08-30 13:44:02.499350
168,acfc9a6c-b43c-11df-8482-123139076201,31,2010-08-30 13:44:24.294295,2,False,False,1,0,1,0,0,0,1131,0,0,78,77,2010-08-30 13:45:02.012220
169,6794a11c-b4c9-11df-a57e-123139076201,31,2010-08-31 06:31:45.850042,3,False,False,10000,0,0,0,0,10000,0,11265,0,90,90,2010-08-31 07:04:01.839907
170,4ac99ffc-b4d2-11df-a5c2-123139076201,31,2010-08-31 07:35:13.576392,3,False,False,1,0,0,0,0,1,0,13,0,177,177,2010-08-31 07:38:02.429381
171,9e934b38-b4d2-11df-8a19-123139076201,31,2010-08-31 07:37:34.130150,2,False,False,1,0,1,0,0,0,2097152,0,0,177,177,2010-08-31 07:38:02.429382
172,e024fe52-b4d2-11df-ac16-123139076201,31,2010-08-31 07:39:24.137668,3,False,False,10000,0,1,0,0,9999,2097152,3645,0,177,177,2010-08-31 07:45:01.980319
173,99f50fb6-b4d3-11df-8a53-123139076201,31,2010-08-31 07:44:35.880154,3,False,False,10000,0,408,0,0,9592,828375040,94821,0,177,177,2010-08-31 13:41:02.029172
174,14df94f4-b514-11df-9e0b-123139076201,31,2010-08-31 15:26:09.908954,2,False,False,1,0,1,0,0,0,1131,0,0,78,77,2010-08-31 15:27:01.930055
175,39378226-b514-11df-95e9-123139076201,31,2010-08-31 15:27:10.862248,2,False,False,1,0,1,0,0,0,684,0,0,177,77,2010-08-31 15:28:02.476489
176,7104ab92-b510-11df-ad03-123139076201,31,2010-08-31 15:00:09.888393,3,False,False,10000,0,0,0,0,10000,0,0,0,177,177,2010-08-31 17:04:01.954665
177,66456c28-b510-11df-a274-123139076201,31,2010-08-31 14:59:48.467468,3,False,False,10000,0,455,0,9545,0,945815552,101760,0,177,177,2010-08-31 21:01:01.748043
178,5e11bd82-b52d-11df-9888-123139076201,32,2010-08-31 18:27:10.112986,2,False,False,82290,0,82290,0,0,0,140176000355,1826,0,79,80,2010-09-01 00:40:01.584593
179,eb7aaabc-b72b-11df-a04a-123139076201,35,2010-09-03 07:21:50.692777,3,False,False,16,0,1,0,0,15,10871636064,15,0,88,84,2010-09-03 07:24:01.655508
180,1d26f5d4-b72c-11df-b065-123139076201,35,2010-09-03 07:23:14.025285,2,False,False,6,0,6,0,0,0,86973088320,279,0,88,84,2010-09-03 08:12:01.661139
181,364389d8-b966-11df-a454-123139076201,35,2010-09-06 03:24:09.308284,2,False,False,17,0,17,0,0,0,184817813088,0,0,88,84,2010-09-06 03:42:02.308783
182,fdd6a436-b974-11df-9d4f-123139076201,35,2010-09-06 05:09:57.079194,2,False,False,16,0,16,0,0,0,173946177024,0,0,88,84,2010-09-06 05:24:01.838158
183,b9854458-ba1a-11df-9f81-123139076201,14,2010-09-07 00:56:18.918499,2,False,False,5,0,5,0,0,0,1600020480,0,0,28,29,2010-09-07 00:58:02.176866
184,65ed1e0a-ba1b-11df-aecb-123139076201,14,2010-09-07 01:01:08.186321,2,False,False,5,0,5,0,0,0,1600020480,0,0,28,29,2010-09-07 01:03:02.296862
185,dbf4263e-ba1b-11df-ad7a-123139076201,14,2010-09-07 01:04:26.195084,2,False,False,5,0,5,0,0,0,1600020480,0,0,28,29,2010-09-07 01:06:01.585142
186,52e8c042-ba1c-11df-8951-123139076201,14,2010-09-07 01:07:45.764453,3,False,False,5,0,0,0,5,0,0,25,0,28,30,2010-09-07 01:19:02.207027
187,641cc800-bd13-11df-85d1-123139076201,31,2010-09-10 19:41:22.635552,3,False,False,1,0,0,0,1,0,0,292,0,175,175,2010-09-11 01:43:02.343186
188,14a03630-bd14-11df-9933-123139076201,31,2010-09-10 19:46:18.775314,3,False,False,1,0,0,0,1,0,0,286,0,175,175,2010-09-11 01:48:01.986072
189,6ffd9a3a-bdce-11df-944f-123139076201,20,2010-09-11 18:00:18.461166,2,False,False,1,0,1,0,0,0,4,0,0,35,35,2010-09-11 18:01:01.573796
190,b32e9e76-bdce-11df-b0cb-123139076201,20,2010-09-11 18:02:11.191575,2,False,False,1,0,1,0,0,0,4,0,0,35,35,2010-09-11 18:03:01.610876
191,28d2aefc-bdfb-11df-b4e6-123139076201,20,2010-09-11 23:20:26.409118,3,False,False,1,0,0,0,1,0,0,0,0,35,35,2010-09-12 05:21:01.854694
192,3cd7ee30-bdfb-11df-b534-123139076201,20,2010-09-11 23:20:59.997875,3,False,False,1,0,0,0,1,0,0,0,0,35,35,2010-09-12 05:22:02.397371
193,7d80deaa-be6a-11df-80fc-123139076201,20,2010-09-12 12:37:22.624524,2,False,False,1,0,1,0,0,0,4,0,0,35,35,2010-09-12 12:40:01.718012
194,e3b1bdac-be6a-11df-b2cc-123139076201,20,2010-09-12 12:40:14.082536,2,False,False,1,0,1,0,0,0,4,0,0,35,35,2010-09-12 12:41:02.273952
195,1ed6f794-be6b-11df-a200-123139076201,20,2010-09-12 12:41:53.290614,2,False,False,1,0,1,0,0,0,4,0,0,35,35,2010-09-12 12:43:02.293553
196,8d00a70a-be85-11df-be6e-123139076201,20,2010-09-12 15:51:05.030000,2,False,False,1,0,1,0,0,0,4,0,0,35,35,2010-09-12 15:52:02.278071
197,b6bcd37e-bf6c-11df-adfc-123139076201,20,2010-09-13 19:25:48.800509,2,False,False,1,0,1,0,0,0,4,0,0,35,35,2010-09-13 19:30:01.897788
198,5e12a31a-bf72-11df-af90-123139076201,20,2010-09-13 20:06:17.037228,2,False,False,1,0,1,0,0,0,0,0,0,35,35,2010-09-13 20:07:01.849793
199,2f49bf9c-bfc1-11df-8a3c-123139076201,14,2010-09-14 05:30:28.789035,2,False,False,5,0,5,0,0,0,1068392448,2,0,28,29,2010-09-14 05:34:02.127311
200,43e9007a-bfd0-11df-babd-123139076201,37,2010-09-14 07:18:25.834658,2,False,False,1,0,1,0,0,0,807103,0,0,189,188,2010-09-14 07:19:01.864576
201,97d1272e-bff0-11df-9437-123139076201,20,2010-09-14 11:09:50.485446,2,False,False,1,0,1,0,0,0,4,0,0,35,36,2010-09-14 11:11:02.232978
202,82974590-bff1-11df-8695-123139076201,20,2010-09-14 11:16:24.390950,2,False,False,1,0,1,0,0,0,0,0,0,35,36,2010-09-14 11:17:02.198232
203,87eefd74-bff3-11df-ac76-123139076201,20,2010-09-14 11:30:52.337165,2,False,False,1,0,1,0,0,0,4,0,0,35,36,2010-09-14 11:32:01.938340
204,1012d7ba-c009-11df-aabb-123139076201,20,2010-09-14 14:05:00.163214,2,False,False,1,0,1,0,0,0,4,0,0,35,36,2010-09-14 14:06:01.569320
205,31c0211a-c009-11df-849c-123139076201,20,2010-09-14 14:05:56.663558,2,False,False,1,0,1,0,0,0,4,0,0,35,36,2010-09-14 14:07:01.929829
206,49e5c240-c009-11df-a89a-123139076201,20,2010-09-14 14:06:37.183261,2,False,False,1,0,1,0,0,0,268435456,0,0,35,36,2010-09-14 14:14:02.435999
207,f11c4dfc-c051-11df-b85f-123139076201,35,2010-09-14 22:46:41.489642,2,False,False,17,0,17,0,0,0,184817813088,3065,0,88,84,2010-09-15 01:36:02.217068
208,331d412c-c0b4-11df-90d2-123139076201,20,2010-09-15 10:30:02.896385,2,False,False,1,0,1,0,0,0,4,0,0,35,36,2010-09-15 10:32:01.970255
209,2eccddb2-c0be-11df-ad56-123139076201,20,2010-09-15 11:41:30.629410,2,False,False,1,0,1,0,0,0,0,0,0,35,36,2010-09-15 11:42:01.685822
210,1ed23636-c0bf-11df-bb74-123139076201,20,2010-09-15 11:48:13.313228,2,False,False,1,0,1,0,0,0,31433,0,0,35,36,2010-09-15 11:49:02.088738
211,2a9f24be-c197-11df-86ff-123139076201,20,2010-09-16 13:34:44.417827,2,False,False,1,0,1,0,0,0,31433,0,0,35,36,2010-09-16 13:35:02.379182
212,8ae06b3a-c1a1-11df-9dab-123139076201,20,2010-09-16 14:49:00.876735,2,False,False,1,0,1,0,0,0,31433,0,0,35,36,2010-09-16 14:50:01.709080
213,a4ab14e0-c271-11df-9da1-123139076201,36,2010-09-17 15:38:39.451363,3,False,False,1,0,0,0,1,0,0,29,0,186,187,2010-09-17 15:49:02.389892
214,f8f9c852-c271-11df-a7a7-123139076201,36,2010-09-17 15:41:00.898590,3,False,False,1,0,0,0,1,0,0,29,0,186,187,2010-09-17 15:52:01.705331
215,3abba652-c272-11df-bb4e-123139076201,36,2010-09-17 15:42:51.216296,3,False,False,1,0,0,0,1,0,0,28,0,186,187,2010-09-17 15:54:01.620425
216,e799c82c-c272-11df-9c9e-123139076201,36,2010-09-17 15:47:41.258112,3,False,False,1,0,0,0,1,0,0,28,0,186,187,2010-09-17 15:58:01.660003
217,0e101890-c27c-11df-9b6d-123139076201,36,2010-09-17 16:53:11.241893,3,False,False,1,0,0,0,1,0,0,27,0,186,187,2010-09-17 17:04:01.870223
218,525c96c2-c27c-11df-b426-123139076201,36,2010-09-17 16:55:05.836483,3,False,False,1,0,0,0,1,0,0,27,0,186,187,2010-09-17 17:06:01.949348
219,9e5976e4-c27c-11df-b8ee-123139076201,36,2010-09-17 16:57:13.326061,3,False,False,1,0,0,0,1,0,0,28,0,186,187,2010-09-17 17:08:01.855053
220,cc2d848e-c27c-11df-a135-123139076201,36,2010-09-17 16:58:30.205706,3,False,False,1,0,0,0,1,0,0,28,0,186,187,2010-09-17 17:09:02.235170
221,ca578fb2-c26b-11df-abef-123139076201,36,2010-09-17 14:56:45.676196,3,False,False,1,0,0,0,1,0,0,1198,0,186,187,2010-09-18 14:57:01.998479
222,61a482f6-c26e-11df-9ec5-123139076201,36,2010-09-17 15:15:18.509713,3,False,False,1,0,0,0,1,0,0,1167,0,186,187,2010-09-18 15:16:02.429988
223,46a98116-c270-11df-9513-123139076201,36,2010-09-17 15:28:52.242757,3,False,False,1,0,0,0,1,0,0,1143,0,186,187,2010-09-18 15:29:02.348535
224,10ebc1e4-c27d-11df-b041-123139076201,36,2010-09-17 17:00:25.533071,3,False,False,1,0,0,0,1,0,0,993,0,186,187,2010-09-18 17:01:01.900390
225,ab5c13b8-c71f-11df-93fa-123139076201,20,2010-09-23 14:34:27.780159,2,False,False,1,0,1,0,0,0,31433,0,0,35,36,2010-09-23 14:36:02.404861
226,972772a2-c9d6-11df-8518-123139076201,29,2010-09-27 01:28:54.097371,3,False,False,1,0,0,0,0,1,0,19,0,195,196,2010-09-27 01:34:01.677913
227,3c32177a-c9d7-11df-9777-123139076201,29,2010-09-27 01:33:30.981525,3,False,False,1,0,0,0,0,1,0,3,0,195,196,2010-09-27 01:36:02.046635
228,8cef8242-c9d7-11df-b4f4-123139076201,29,2010-09-27 01:35:46.460272,2,False,False,1,0,1,0,0,0,1435,0,0,195,196,2010-09-27 01:36:02.046636
229,02157784-ca3c-11df-b118-123139042a22,29,2010-09-27 13:34:52.629686,2,False,False,10,0,10,0,0,0,9769240,0,0,195,196,2010-09-27 13:34:59.404301
230,8fbf1c70-ca3c-11df-95c8-123139042a22,29,2010-09-27 13:38:50.299866,2,False,False,10,0,10,0,0,0,9769240,0,0,195,196,2010-09-27 13:39:00.181922
231,1c4cfa30-ca3e-11df-b478-123139042a22,6,2010-09-27 13:49:55.601146,3,False,False,400,1,32,0,0,369,3124903680,36,0,197,197,2010-09-27 13:53:16.587361
232,400f1de6-ca42-11df-b4b1-123139042a22,1,2010-09-27 14:19:33.586793,2,False,False,10,0,10,0,0,0,1048576000,0,0,2,1,2010-09-27 14:20:18.356173
233,1411b25e-ca46-11df-9ffc-123139042a22,1,2010-09-27 14:46:57.765142,3,False,False,1,0,0,0,0,1,0,0,0,198,1,2010-09-27 15:13:19.314749
234,56e08ef2-ca4b-11df-96d6-123139042a22,1,2010-09-27 15:24:37.334172,3,False,False,1,0,0,0,0,1,0,0,0,198,1,2010-09-27 15:25:27.641607
235,7401f564-ca43-11df-87a2-123139042a22,1,2010-09-27 14:28:10.232779,2,False,False,20000,1,20001,0,0,0,2097152000000,139,0,2,1,2010-09-27 18:00:20.234443
236,df8c5918-ca67-11df-9b4f-123139042a22,1,2010-09-27 18:48:52.538102,3,False,False,0,1,0,0,0,1,0,16,0,2,1,2010-09-27 18:50:17.881714
237,50a00b9a-ca68-11df-9fd1-123139042a22,1,2010-09-27 18:52:02.249759,2,False,False,3,1,4,0,0,0,15,26,0,2,1,2010-09-27 18:55:35.743226
238,245cfa20-ca68-11df-b31a-123139042a22,1,2010-09-27 18:50:48.014017,2,False,False,3,1,4,0,0,0,15,27,0,2,1,2010-09-27 18:55:40.956579
239,16c21048-ca69-11df-b3b8-123139042a22,1,2010-09-27 18:57:34.677613,2,False,False,3,1,4,0,0,0,15,60,0,2,1,2010-09-27 19:07:57.226014
240,844e5996-ca69-11df-9101-123139042a22,1,2010-09-27 19:00:38.452584,3,False,False,3,1,1,0,0,3,0,61,0,2,1,2010-09-27 19:07:59.733706
241,7840a36c-ca6d-11df-9c11-123139042a22,1,2010-09-27 19:28:56.217401,3,False,False,3,1,1,0,0,3,0,19,0,2,1,2010-09-27 19:30:51.597968
242,1679d526-ca6e-11df-84b8-123139042a22,1,2010-09-27 19:33:21.672260,2,False,False,3,1,4,0,0,0,15,0,0,2,1,2010-09-27 19:33:45.722713
243,38c8a544-ca6e-11df-9bc8-123139042a22,1,2010-09-27 19:34:19.230934,2,False,False,3,1,4,0,0,0,15,0,0,2,1,2010-09-27 19:34:40.416474
244,af32296c-ca6e-11df-bb13-123139042a22,1,2010-09-27 19:37:37.893563,2,False,False,3,1,4,0,0,0,15,0,0,2,1,2010-09-27 19:37:56.661955
245,b3ae1a70-ca76-11df-a202-123139042a22,6,2010-09-27 20:35:01.390705,2,False,False,1,0,1,0,0,0,2844,0,0,197,197,2010-09-27 20:35:12.226995
246,41a4e5f6-ca78-11df-a897-123139042a22,1,2010-09-27 20:46:09.063891,3,False,False,3,1,1,0,0,3,0,1,0,2,1,2010-09-27 20:46:29.267878
247,39ac2b2a-ca78-11df-a842-123139042a22,1,2010-09-27 20:45:55.689257,3,False,False,3,1,1,0,0,3,0,3,0,2,1,2010-09-27 20:46:35.891452
248,24293c2a-ca78-11df-b147-123139042a22,1,2010-09-27 20:45:19.599079,3,False,False,3,1,1,0,0,3,0,7,0,2,1,2010-09-27 20:46:39.851172
249,e4074088-ca77-11df-a822-123139042a22,1,2010-09-27 20:43:32.002166,3,False,False,3,1,1,0,0,3,0,22,0,2,1,2010-09-27 20:46:52.621353
250,4da29b28-ca78-11df-9b03-123139042a22,1,2010-09-27 20:46:29.181052,2,False,False,3,1,4,0,0,0,15,0,0,2,1,2010-09-27 20:46:54.546062
251,953e8eaa-ca79-11df-a9a0-123139042a22,1,2010-09-27 20:55:38.818128,3,False,False,3,1,1,0,0,3,0,0,0,2,1,2010-09-27 20:55:53.999321
252,9df74a28-ca79-11df-bd8c-123139042a22,1,2010-09-27 20:55:53.450525,2,False,False,3,1,4,0,0,0,15,0,0,2,1,2010-09-27 20:56:22.026883
253,74daead6-ca7a-11df-86bf-123139042a22,6,2010-09-27 21:01:53.974903,3,False,False,1,0,0,0,0,1,0,0,0,197,197,2010-09-27 21:01:59.192565
254,81b7a398-ca7a-11df-b91a-123139042a22,6,2010-09-27 21:02:15.553984,3,False,False,0,1,0,0,0,1,0,1,0,197,197,2010-09-27 21:02:30.717798
255,65d50e5e-ca7f-11df-8504-123139042a22,1,2010-09-27 21:37:16.254125,2,False,False,3,1,4,0,0,0,15,0,0,2,1,2010-09-27 21:37:42.713439
256,8379c3b4-ca7f-11df-983f-123139042a22,1,2010-09-27 21:38:05.987432,2,False,False,3,1,4,0,0,0,15,0,0,2,1,2010-09-27 21:38:32.189559
257,a9f6c924-ca7f-11df-bbc7-123139042a22,1,2010-09-27 21:39:10.560254,2,False,False,3,1,4,0,0,0,15,0,0,2,1,2010-09-27 21:39:31.944202
258,316329e8-ca80-11df-89d1-123139042a22,1,2010-09-27 21:42:57.763394,2,False,False,3,1,4,0,0,0,15,0,0,2,1,2010-09-27 21:43:22.696347
259,e09c065a-ca80-11df-beeb-123139042a22,1,2010-09-27 21:47:51.737252,2,False,False,3,1,4,0,0,0,15,0,0,2,1,2010-09-27 21:48:19.965391
260,b8255166-ca82-11df-96c5-123139042a22,1,2010-09-27 22:01:02.849429,2,False,False,3,1,4,0,0,0,15,0,0,2,1,2010-09-27 22:01:20.808239
261,eccd063e-ca82-11df-9c15-123139042a22,1,2010-09-27 22:02:31.190506,2,False,False,3,1,4,0,0,0,15,0,0,2,1,2010-09-27 22:02:52.289438
262,aadd8f64-ca87-11df-ac65-123139042a22,14,2010-09-27 22:36:28.046500,3,False,False,0,1,0,0,0,1,0,2,0,28,31,2010-09-27 22:38:24.025898
263,bcabc0a6-ca89-11df-a382-123139042a22,14,2010-09-27 22:51:16.912950,2,False,False,1,0,1,0,0,0,320004096,0,0,28,29,2010-09-27 22:51:53.793682
264,b7dd1dae-ca89-11df-806e-123139042a22,14,2010-09-27 22:51:08.853688,2,False,False,5,0,5,0,0,0,1600020480,0,0,28,29,2010-09-27 22:52:01.800266
265,d4d19386-ca89-11df-ae59-123139042a22,14,2010-09-27 22:51:57.425702,2,False,False,1,0,1,0,0,0,320004096,0,0,28,29,2010-09-27 22:52:30.179632
266,e9fcc7ee-ca89-11df-a5a1-123139042a22,14,2010-09-27 22:52:32.941039,2,False,False,1,0,1,0,0,0,320004096,0,0,28,29,2010-09-27 22:53:09.125367
267,021eac98-ca8a-11df-8e05-123139042a22,14,2010-09-27 22:53:13.428880,2,False,False,1,0,1,0,0,0,320004096,0,0,28,29,2010-09-27 22:53:45.520960
268,1744ed80-ca8a-11df-ac8e-123139042a22,14,2010-09-27 22:53:48.911311,2,False,False,1,0,1,0,0,0,320004096,0,0,28,29,2010-09-27 22:54:21.465384
269,c9ed06fc-ca8a-11df-baea-123139042a22,14,2010-09-27 22:58:48.647524,2,False,False,225,1,226,0,0,0,980494,0,0,200,201,2010-09-27 23:01:31.983727
270,c04a00c6-ca8c-11df-bf2c-123139042a22,14,2010-09-27 23:12:51.473170,2,False,False,1,0,1,0,0,0,807103,0,0,200,202,2010-09-27 23:13:17.507197
271,f31aa24e-ca8c-11df-adf8-123139042a22,14,2010-09-27 23:14:16.732047,2,False,False,1,0,1,0,0,0,807103,0,0,200,32,2010-09-27 23:14:33.697321
272,4d54bd12-ca88-11df-a02e-123139042a22,14,2010-09-27 22:41:00.625432,3,False,False,0,1,0,0,0,1,0,116,0,28,31,2010-09-27 23:59:13.065809
273,38dbd56a-cb81-11df-b238-123139042a22,37,2010-09-29 04:22:50.957494,3,False,False,0,1,0,0,0,1,0,13,0,188,189,2010-09-29 04:25:05.575156
274,0b437be2-cb83-11df-86b5-123139042a22,14,2010-09-29 04:35:53.455221,3,False,False,0,1,0,0,0,1,0,1,0,200,203,2010-09-29 04:39:26.632844
275,a1adbc8c-cb83-11df-9429-123139042a22,14,2010-09-29 04:40:05.809467,2,False,False,225,1,226,0,0,0,980494,0,0,200,203,2010-09-29 04:42:49.391927
276,5ca82f40-cb8e-11df-9c20-123139042a22,37,2010-09-29 05:56:54.474659,3,False,False,0,1,0,0,0,1,0,3,0,204,205,2010-09-29 05:57:44.302965
277,894dd1de-cb8f-11df-885d-123139042a22,37,2010-09-29 06:05:18.876636,3,False,False,0,1,0,0,0,1,0,1,0,204,205,2010-09-29 06:05:48.697399
278,58f528ac-cb8f-11df-ae38-123139042a22,14,2010-09-29 06:03:57.764595,2,False,False,225,1,226,0,0,0,980494,0,0,200,203,2010-09-29 06:07:23.027925
279,c121f3ce-cc16-11df-8fd4-123139042a22,7,2010-09-29 22:13:14.605646,3,False,False,0,1,0,0,0,1,0,41,0,206,207,2010-09-29 22:21:13.481427
280,5222433e-cc20-11df-a0a2-123139042a22,37,2010-09-29 23:21:43.341940,2,False,False,1,0,1,0,0,0,807103,0,0,204,205,2010-09-29 23:22:10.396401
281,cdaf9c28-cc5b-11df-8f5f-123139042a22,14,2010-09-30 06:27:30.940937,2,False,False,5,0,5,0,0,0,1600020480,0,0,28,29,2010-09-30 06:28:25.773236
282,d98154b0-cc5b-11df-817e-123139042a22,14,2010-09-30 06:27:50.764399,2,False,False,1,0,1,0,0,0,320004096,0,0,28,29,2010-09-30 06:28:27.748064
283,f1a7aa76-cc5b-11df-bba5-123139042a22,14,2010-09-30 06:28:31.280986,2,False,False,1,0,1,0,0,0,320004096,0,0,28,29,2010-09-30 06:29:02.882574
284,06d21ea4-cc5c-11df-86ad-123139042a22,14,2010-09-30 06:29:06.791404,2,False,False,1,0,1,0,0,0,320004096,0,0,28,29,2010-09-30 06:29:37.799019
285,1c02846c-cc5c-11df-bdc6-123139042a22,14,2010-09-30 06:29:42.340881,2,False,False,1,0,1,0,0,0,320004096,0,0,28,29,2010-09-30 06:30:15.213999
286,312b394c-cc5c-11df-a2a8-123139042a22,14,2010-09-30 06:30:17.839567,2,False,False,1,0,1,0,0,0,320004096,0,0,28,29,2010-09-30 06:30:56.235225
287,507d646e-cc5c-11df-acd8-123139042a22,14,2010-09-30 06:31:10.387673,2,False,False,225,1,226,0,0,0,980494,0,0,200,201,2010-09-30 06:33:43.984623
288,c167550e-cc5c-11df-8665-123139042a22,14,2010-09-30 06:34:19.825548,2,False,False,1,0,1,0,0,0,807103,0,0,200,202,2010-09-30 06:34:45.811093
289,f1b7e28c-cc5c-11df-bbd8-123139042a22,14,2010-09-30 06:35:40.890069,2,False,False,1,0,1,0,0,0,807103,0,0,200,32,2010-09-30 06:35:59.140280
290,9e166638-cd85-11df-8a43-123139042a22,7,2010-10-01 17:59:21.103484,3,False,False,1,0,0,0,0,1,0,0,0,23,22,2010-10-01 18:02:46.632238
291,c878c4b8-cd79-11df-a8c5-123139042a22,7,2010-10-01 16:34:38.258683,3,False,False,31348,1,31256,0,0,93,31460010286881,1807,0,206,207,2010-10-03 23:18:20.777427
292,204e5062-d05f-11df-86ff-123139042a22,20,2010-10-05 09:01:22.689669,2,False,False,1,0,1,0,0,0,299,0,0,36,36,2010-10-05 09:01:35.965288
293,b6bad118-d10b-11df-9d1a-123139042a22,14,2010-10-06 05:36:48.502867,2,False,False,1,0,1,0,0,0,807103,0,0,29,28,2010-10-06 05:37:16.063614
294,dae3cd7e-d10b-11df-ba1f-123139042a22,14,2010-10-06 05:37:49.169221,2,False,False,1,0,1,0,0,0,807103,0,0,29,33,2010-10-06 05:38:07.073874
295,88045734-d10d-11df-b5cf-123139042a22,14,2010-10-06 05:49:49.118814,3,False,False,0,1,0,0,0,1,0,2,0,29,33,2010-10-06 05:50:17.953562
296,52035cf2-d4af-11df-9393-123139042a22,35,2010-10-10 20:45:30.479715,2,False,False,17,0,17,0,0,0,184817813088,8,0,88,84,2010-10-10 21:31:25.923696
297,21c2d680-d4a5-11df-9086-123139042a22,35,2010-10-10 19:32:34.559387,2,False,False,17,0,17,0,0,0,184817813088,49,0,88,84,2010-10-10 21:41:56.449878
298,016b6f5a-d626-11df-942e-123139042a22,7,2010-10-12 17:27:36.534784,3,False,False,1,0,0,0,0,1,0,0,0,209,207,2010-10-12 17:29:02.295726
299,27b4bd64-d627-11df-9e12-123139042a22,7,2010-10-12 17:35:50.270733,3,False,False,1,0,0,0,0,1,0,17,0,210,210,2010-10-12 17:39:57.476368
300,7ead6174-d704-11df-84e3-123139042a22,24,2010-10-13 20:00:14.955514,3,False,False,1,0,0,0,0,1,0,4,0,211,212,2010-10-13 20:00:49.735379
301,ae87a788-d704-11df-8bc0-123139042a22,24,2010-10-13 20:01:35.238900,3,False,False,0,1,0,1,0,0,0,1,0,211,212,2010-10-13 20:01:37.168162
302,ba1cb2be-d704-11df-888f-123139042a22,24,2010-10-13 20:01:54.670844,3,False,False,0,1,0,1,0,0,0,1,0,211,212,2010-10-13 20:01:57.204133
303,c9016694-d704-11df-b5f0-123139042a22,24,2010-10-13 20:02:19.657527,2,False,False,19,1,20,0,0,0,13711553,0,0,211,212,2010-10-13 20:02:49.292691
304,04d4fa90-d706-11df-8f0d-123139042a22,24,2010-10-13 20:11:09.532328,2,False,False,19,1,20,0,0,0,13711553,0,0,211,212,2010-10-13 20:11:46.182345
305,9de35966-d706-11df-bf3b-123139042a22,24,2010-10-13 20:15:26.317904,2,False,False,19,1,20,0,0,0,13711553,0,0,211,212,2010-10-13 20:16:15.483194
306,0c5effd6-d7a1-11df-a752-123139042a22,24,2010-10-14 14:40:54.168130,2,False,False,19,1,20,0,0,0,13711553,2,0,211,214,2010-10-14 14:42:11.734237
307,4cf0a4ce-d7af-11df-ad96-123139042a22,24,2010-10-14 16:22:55.451409,2,False,False,19,1,20,0,0,0,13711553,2,0,211,214,2010-10-14 16:24:25.606276
308,c39174b4-d7af-11df-b633-123139042a22,24,2010-10-14 16:26:14.476501,2,False,False,19,1,20,0,0,0,13711553,0,0,211,214,2010-10-14 16:26:44.891735
309,04a90692-d7b0-11df-9e6d-123139042a22,24,2010-10-14 16:28:03.682470,2,False,False,19,1,20,0,0,0,13711553,0,0,211,214,2010-10-14 16:28:33.431436
310,2dce3cea-d7b0-11df-a950-123139042a22,24,2010-10-14 16:29:12.719054,2,False,False,19,1,20,0,0,0,13711553,0,0,211,214,2010-10-14 16:29:48.897343
311,f3b257de-d873-11df-8121-123139042a22,24,2010-10-15 15:50:36.581291,3,False,False,1,0,0,0,0,1,0,3,0,215,211,2010-10-15 15:51:09.596647
312,0f16da4a-d874-11df-9652-123139042a22,24,2010-10-15 15:51:22.538784,3,False,False,1,0,0,0,0,1,0,2,0,214,211,2010-10-15 15:51:41.726675
313,260b20da-d874-11df-81e6-123139042a22,24,2010-10-15 15:52:01.049145,3,False,False,0,1,0,1,0,0,0,1,0,215,211,2010-10-15 15:52:03.037596
314,3141cdaa-d874-11df-bf28-123139042a22,24,2010-10-15 15:52:19.862583,2,False,False,19,1,20,0,0,0,13711553,0,0,215,211,2010-10-15 15:53:01.659054
315,9a69fc86-d878-11df-9464-123139042a22,24,2010-10-15 16:23:54.273473,2,False,False,19,1,20,0,0,0,13711553,2,0,216,217,2010-10-15 16:25:14.934999
316,f9ad8da6-d879-11df-b82d-123139042a22,24,2010-10-15 16:33:43.602387,2,False,False,38,2,40,0,0,0,27423106,2,0,216,217,2010-10-15 16:36:07.061006
317,cb2169de-dacd-11df-a07a-123139042a22,20,2010-10-18 15:38:45.559582,2,False,False,1,0,1,0,0,0,2,0,0,238,238,2010-10-18 15:39:24.263622
318,d86400a6-dace-11df-a4ff-123139042a22,20,2010-10-18 15:46:17.303601,2,False,False,1,0,1,0,0,0,2,0,0,238,238,2010-10-18 15:46:29.765403
319,7b4c6538-dacf-11df-b720-123139042a22,20,2010-10-18 15:50:50.617189,2,False,False,1,0,1,0,0,0,2,0,0,238,238,2010-10-18 15:51:00.518121
320,b7f3e700-dad3-11df-a26c-123139042a22,20,2010-10-18 16:21:10.365655,2,False,False,1,0,1,0,0,0,4,0,0,237,238,2010-10-18 16:21:21.250973
321,ea73a292-dad3-11df-aa48-123139042a22,20,2010-10-18 16:22:35.088308,2,False,False,1,0,1,0,0,0,4,0,0,237,238,2010-10-18 16:22:48.440305
322,0b2788be-dad4-11df-a3d3-123139042a22,20,2010-10-18 16:23:29.954420,2,False,False,1,0,1,0,0,0,4,0,0,237,238,2010-10-18 16:23:37.498578
323,1cd1604e-dad4-11df-a6ed-123139042a22,20,2010-10-18 16:23:59.588801,2,False,False,1,0,1,0,0,0,4,0,0,237,238,2010-10-18 16:24:11.890678
324,59e2885a-dad4-11df-a55f-123139042a22,20,2010-10-18 16:25:42.042228,2,False,False,1,0,1,0,0,0,4,0,0,237,238,2010-10-18 16:25:55.930822
325,f76f7c52-db62-11df-8762-123139042a22,20,2010-10-19 09:26:34.904516,2,False,False,1,0,1,0,0,0,4,0,0,239,240,2010-10-19 09:26:47.204633
326,e2d87434-dad0-11df-ac3e-123139042a22,20,2010-10-18 16:00:53.837671,3,False,False,1,0,0,0,0,1,0,55,0,238,238,2010-10-19 09:27:36.795101
327,5c92f5c8-dacd-11df-bd29-123139042a22,20,2010-10-18 15:35:40.078116,3,False,False,1,0,0,0,0,1,0,26,0,237,237,2010-10-19 09:27:50.820532
328,fa1bc6ba-daca-11df-8070-123139042a22,20,2010-10-18 15:18:35.886068,3,False,False,1,0,0,0,0,1,0,83,0,237,237,2010-10-19 09:27:55.995597
329,3abdc3ba-db63-11df-ad60-123139042a22,20,2010-10-19 09:28:27.824005,2,False,False,1,0,1,0,0,0,4,0,0,239,240,2010-10-19 09:28:39.258595
330,4fe8ec52-db76-11df-b6bf-123139042a22,20,2010-10-19 11:45:03.777928,2,False,False,1,0,1,0,0,0,4,0,0,239,240,2010-10-19 11:45:16.184810
331,6b627ffa-db7d-11df-97af-123139042a22,20,2010-10-19 12:35:56.350052,2,False,False,1,0,1,0,0,0,4,0,0,239,240,2010-10-19 12:36:06.804722
332,dca89bce-dcb1-11df-87f7-123139042a22,35,2010-10-21 01:23:51.403121,2,False,False,16,0,16,0,0,0,173946177024,0,0,88,84,2010-10-21 01:42:45.338264
333,cab2effe-dfeb-11df-8abb-123139042a22,35,2010-10-25 03:56:05.551498,3,False,False,17,0,0,0,17,0,0,4157,0,88,84,2010-10-25 09:57:02.280202
334,936964aa-e032-11df-b799-123139042a22,35,2010-10-25 12:22:47.062721,3,False,False,17,0,0,0,17,0,0,4165,0,88,84,2010-10-25 18:23:01.424433
335,c7a8afce-e6b7-11df-a4e1-123139042a22,36,2010-11-02 19:31:24.760770,3,False,False,1,0,0,0,1,0,0,3,0,186,187,2010-11-02 19:38:01.663982
336,702a9c02-e6b8-11df-9944-123139042a22,36,2010-11-02 19:36:07.463294,3,False,False,1,0,0,0,0,1,0,0,0,186,187,2010-11-02 19:48:24.422099
337,1a1bc676-e6d4-11df-b46b-123139042a22,36,2010-11-02 22:54:08.996686,3,False,False,1,0,0,0,1,0,0,22,0,186,187,2010-11-02 23:01:02.214701
338,70ba3fb6-e6d5-11df-b779-123139042a22,36,2010-11-02 23:03:43.816793,3,False,False,1,0,0,0,1,0,0,19,0,186,187,2010-11-02 23:09:01.504007
339,ad9c0a4e-e794-11df-9702-123139042a22,36,2010-11-03 21:52:39.834151,2,False,False,1,0,1,0,0,0,863,0,0,186,187,2010-11-03 21:52:49.132686
340,05be6208-e849-11df-8815-123139042a22,36,2010-11-04 19:23:37.111456,2,False,False,1,0,1,0,0,0,863,0,0,186,187,2010-11-04 19:23:45.370633
341,0321eeba-e84a-11df-b2fe-123139042a22,36,2010-11-04 19:30:42.226277,3,False,False,410,1,3,0,408,0,905969664,1000,0,186,187,2010-11-05 01:32:01.715908
342,1aa738de-e8f3-11df-bca0-123139042a22,33,2010-11-05 15:41:06.634643,3,False,False,1,0,0,0,0,1,0,20,0,241,190,2010-11-05 15:45:56.548976
343,c36d319a-e8f2-11df-9681-123139042a22,33,2010-11-05 15:38:40.292601,3,False,False,1,0,0,0,0,1,0,25,0,241,190,2010-11-05 15:46:07.779897
344,23f159aa-e8f4-11df-9197-123139042a22,33,2010-11-05 15:48:31.716605,3,False,False,1,0,0,0,0,1,0,12,0,241,190,2010-11-05 15:50:39.292983
345,0fdfe804-e8f5-11df-8e36-123139042a22,33,2010-11-05 15:55:07.544767,3,False,False,1,0,0,0,0,1,0,5,0,241,190,2010-11-05 15:55:45.458512
346,7cbaae28-e8f5-11df-8aa4-123139042a22,33,2010-11-05 15:58:10.172402,2,False,False,1,0,1,0,0,0,557693312,0,0,241,190,2010-11-05 15:58:58.338047
347,ec56790c-e8fe-11df-9dd9-123139042a22,33,2010-11-05 17:05:42.890775,2,False,False,1,0,1,0,0,0,557693312,0,0,241,190,2010-11-05 17:06:34.445693
348,d277a2f2-e905-11df-a4e8-123139042a22,33,2010-11-05 17:55:05.964791,2,False,False,1,0,1,0,0,0,557693312,0,0,241,190,2010-11-05 17:56:16.579611
349,bb275692-e919-11df-8bc7-123139042a22,40,2010-11-05 20:17:36.779540,3,False,False,1,0,0,0,0,1,0,0,0,242,243,2010-11-05 20:20:01.068041
350,31c72390-e91a-11df-b8e9-123139042a22,40,2010-11-05 20:20:55.798312,3,False,False,1,0,0,0,0,1,0,0,0,242,243,2010-11-05 20:21:26.007194
351,0de0cd48-e91d-11df-8a12-123139042a22,40,2010-11-05 20:41:24.058225,2,False,False,1,0,1,0,0,0,373,0,0,242,243,2010-11-05 20:41:37.298601
352,73349494-eaef-11df-9d57-123139042a22,50,2010-11-08 04:19:59.533536,3,False,False,1,0,0,0,0,1,0,7,0,245,245,2010-11-08 04:20:34.714767
353,5e653996-eaf0-11df-b423-123139042a22,50,2010-11-08 04:26:34.116900,3,False,False,1,0,0,0,0,1,0,3,0,245,245,2010-11-08 04:26:49.315113
354,5ff22282-eaf1-11df-aa06-123139042a22,50,2010-11-08 04:33:46.214445,2,False,False,1,0,1,0,0,0,16,15,0,245,245,2010-11-08 04:35:17.700483
355,ec614b62-eaf1-11df-905e-123139042a22,50,2010-11-08 04:37:41.823941,2,False,False,1,0,1,0,0,0,16,0,0,245,245,2010-11-08 04:37:52.521981
356,51a633ac-eaf2-11df-9fda-123139042a22,50,2010-11-08 04:40:31.725882,2,False,False,1,0,1,0,0,0,16,0,0,245,245,2010-11-08 04:40:44.190670
357,68271894-eaf2-11df-9778-123139042a22,50,2010-11-08 04:41:09.480022,2,False,False,1,0,1,0,0,0,670,0,0,245,245,2010-11-08 04:41:23.081823
358,12a6a6ee-eb67-11df-b733-123139042a22,58,2010-11-08 18:36:17.288315,2,False,False,1,0,1,0,0,0,557693312,0,0,249,248,2010-11-08 18:37:22.103028
359,5e3d370e-eb75-11df-8beb-123139042a22,50,2010-11-08 20:18:36.919330,3,False,False,1,0,0,0,0,1,0,140,0,250,245,2010-11-08 21:32:48.630803
360,573d89b0-eb87-11df-9a22-123139042a22,33,2010-11-08 22:27:16.133058,3,False,False,1,0,0,0,0,1,0,47,0,241,190,2010-11-08 22:47:37.369391
361,f9fcdc1e-eb87-11df-9f70-123139042a22,33,2010-11-08 22:31:49.192213,3,False,False,1,0,0,0,0,1,122159104,40,0,241,190,2010-11-08 22:47:49.349191
362,406c48f4-eb8a-11df-b110-123139042a22,33,2010-11-08 22:48:06.333937,2,False,False,1,0,1,0,0,0,557693312,0,0,241,190,2010-11-08 22:48:27.161181
363,e508d19c-eb8b-11df-947d-123139042a22,33,2010-11-08 22:59:52.003100,3,False,False,1,0,0,0,0,1,0,6,0,241,190,2010-11-08 23:00:55.765753
364,ae997854-ebbe-11df-9b9f-123139042a22,50,2010-11-09 05:03:25.003401,2,False,False,1,0,1,0,0,0,670,0,0,245,245,2010-11-09 05:03:44.092529
365,66e65f00-ec17-11df-b030-123139042a22,33,2010-11-09 15:38:29.926116,3,False,False,5,0,0,0,0,5,0,39,0,246,190,2010-11-09 15:41:06.758038
366,66475440-ec18-11df-834b-123139042a22,33,2010-11-09 15:45:38.380991,2,False,False,5,0,5,0,0,0,2787734924,0,0,247,190,2010-11-09 15:47:00.674167
367,485dba60-ec1c-11df-a5c9-123139042a22,50,2010-11-09 16:13:26.176438,2,False,False,1,0,1,0,0,0,697,0,0,262,245,2010-11-09 16:13:41.505275
368,26ce8dfc-ec21-11df-a9b6-123139042a22,33,2010-11-09 16:48:17.363162,2,False,False,5,0,5,0,0,0,2787734924,0,0,247,190,2010-11-09 16:49:27.775094
369,8b2556fa-ec21-11df-a280-123139042a22,33,2010-11-09 16:51:05.703892,2,False,False,5,0,5,0,0,0,2787734924,0,0,247,190,2010-11-09 16:52:36.213518
370,e5973cca-ec21-11df-ada8-123139042a22,33,2010-11-09 16:53:37.446033,2,False,False,5,0,5,0,0,0,2787734924,0,0,247,190,2010-11-09 16:55:30.491168
371,4eab109c-ec22-11df-906b-123139042a22,33,2010-11-09 16:56:33.736183,3,False,False,5,0,4,0,0,1,2408220300,0,0,247,190,2010-11-09 16:57:54.510428
372,d5ce2d70-ec22-11df-8e38-123139042a22,33,2010-11-09 17:00:20.458519,3,False,False,5,0,0,0,0,5,697827328,0,0,247,190,2010-11-09 17:00:47.656460
373,6721c510-ec24-11df-b041-123139042a22,33,2010-11-09 17:11:33.786820,3,False,False,5,0,0,0,0,5,232259584,0,0,264,190,2010-11-09 17:11:51.515437
374,be9efd12-ec24-11df-8046-123139042a22,33,2010-11-09 17:14:00.555326,3,False,False,5,0,0,0,0,5,187957248,0,0,266,190,2010-11-09 17:14:17.508414
375,e33fe8ac-ec24-11df-a76a-123139042a22,33,2010-11-09 17:15:02.008242,3,False,False,5,0,0,0,0,5,220463104,0,0,268,190,2010-11-09 17:15:15.014807
376,3a88b4b8-ec25-11df-89d6-123139042a22,33,2010-11-09 17:17:28.447368,3,False,False,5,0,0,0,0,5,244056064,0,0,270,190,2010-11-09 17:17:43.928952
377,537e9550-ec25-11df-99f5-123139042a22,33,2010-11-09 17:18:10.323611,2,False,False,5,0,5,0,0,0,2787734924,0,0,272,190,2010-11-09 17:19:33.834069
378,1e9052c6-ec33-11df-a902-123139042a22,58,2010-11-09 18:56:54.474290,2,False,False,5,0,5,0,0,0,2787734924,0,0,274,248,2010-11-09 18:58:20.746059
379,dbf7f022-ec41-11df-99eb-123139042a22,58,2010-11-09 20:42:25.197884,2,False,False,5,0,5,0,0,0,2787734924,0,0,274,248,2010-11-09 20:43:58.096730
380,38ff275e-ec42-11df-ba08-123139042a22,58,2010-11-09 20:45:01.273135,2,False,False,5,0,5,0,0,0,2787734924,0,0,274,248,2010-11-09 20:46:15.740586
381,de7147a8-ec42-11df-bdf6-123139042a22,58,2010-11-09 20:49:38.844925,2,False,False,5,0,5,0,0,0,2787734924,0,0,274,248,2010-11-09 20:51:01.525145
382,28609836-ec49-11df-a37e-123139042a22,58,2010-11-09 21:34:39.881153,2,False,False,5,0,5,0,0,0,2787734924,0,0,274,248,2010-11-09 21:36:17.771997
383,a4caef00-ec73-11df-9a85-123139042a22,58,2010-11-10 02:38:47.464379,2,False,False,5,0,5,0,0,0,2787734924,0,0,274,248,2010-11-10 02:40:00.038331
384,eb7d6e8a-ec75-11df-8510-123139042a22,58,2010-11-10 02:55:05.068397,2,False,False,1,0,1,0,0,0,557693312,0,0,249,248,2010-11-10 02:55:50.849355
385,6bb6145c-ec77-11df-b774-123139042a22,58,2010-11-10 03:05:49.684327,3,False,False,5,0,0,0,5,0,0,3101,0,274,248,2010-11-10 09:06:01.964228
386,182189d4-ed0d-11df-9e3e-123139042a22,50,2010-11-10 20:57:13.963089,2,False,False,1,0,1,0,0,0,670,0,0,245,245,2010-11-10 20:57:27.471286
387,55a7b832-ed0d-11df-bf5a-123139042a22,50,2010-11-10 20:58:57.183554,2,False,False,1,0,1,0,0,0,670,0,0,245,245,2010-11-10 20:59:08.640421
388,b76e50d2-ed10-11df-b084-123139042a22,50,2010-11-10 21:23:09.714257,2,False,False,1,0,1,0,0,0,697,0,0,278,279,2010-11-10 21:23:22.010410
389,c2330648-ed10-11df-bfa2-123139042a22,50,2010-11-10 21:23:27.780646,2,False,False,1,0,1,0,0,0,697,0,0,279,279,2010-11-10 21:23:37.920144
390,f7657e72-ed1a-11df-be61-123139042a22,50,2010-11-10 22:36:31.997916,2,False,False,1,0,1,0,0,0,697,0,0,278,279,2010-11-10 22:36:41.322658
391,c6ef2448-ed1d-11df-a42d-123139042a22,50,2010-11-10 22:56:39.181836,2,False,False,1,0,1,0,0,0,697,0,0,278,279,2010-11-10 22:56:49.218876
392,ceb2a038-ed1d-11df-8968-123139042a22,50,2010-11-10 22:56:52.207035,2,False,False,1,0,1,0,0,0,697,0,0,279,279,2010-11-10 22:57:05.570698
393,bf649414-ed1e-11df-89a1-123139042a22,50,2010-11-10 23:03:36.026438,2,False,False,1,0,1,0,0,0,697,0,0,278,279,2010-11-10 23:03:45.113259
394,c6f6f348-ed1e-11df-8d72-123139042a22,50,2010-11-10 23:03:48.729743,2,False,False,1,0,1,0,0,0,697,0,0,279,279,2010-11-10 23:04:01.358196
395,d50acfee-ed1f-11df-85df-123139042a22,50,2010-11-10 23:11:21.844801,2,False,False,1,0,1,0,0,0,697,0,0,278,279,2010-11-10 23:11:31.758577
396,dcb10e52-ed1f-11df-9f87-123139042a22,50,2010-11-10 23:11:34.678256,2,False,False,1,0,1,0,0,0,697,0,0,279,279,2010-11-10 23:11:47.398121
397,7e500ad8-ed20-11df-8854-123139042a22,50,2010-11-10 23:16:05.839285,2,False,False,1,0,1,0,0,0,697,0,0,278,279,2010-11-10 23:16:11.150880
398,ccdf8f20-ed20-11df-ba68-123139042a22,50,2010-11-10 23:18:17.642402,2,False,False,1,0,1,0,0,0,697,0,0,278,279,2010-11-10 23:18:22.350020
399,939cd7fc-ed22-11df-84d6-123139042a22,50,2010-11-10 23:31:00.569154,2,False,False,1,0,1,0,0,0,697,0,0,278,279,2010-11-10 23:31:08.892092
400,f482219e-ed22-11df-9762-123139042a22,50,2010-11-10 23:33:43.132929,2,False,False,1,0,1,0,0,0,697,0,0,280,281,2010-11-10 23:33:49.011303
401,069a1562-ed23-11df-8f8e-123139042a22,50,2010-11-10 23:34:13.488515,2,False,False,1,0,1,0,0,0,697,0,0,280,281,2010-11-10 23:34:19.459097
402,92834af2-ed24-11df-8def-123139042a22,50,2010-11-10 23:45:17.716563,2,False,False,1,0,1,0,0,0,697,0,0,278,279,2010-11-10 23:45:25.648419
403,9ab760c8-ed24-11df-8372-123139042a22,50,2010-11-10 23:45:31.479828,2,False,False,1,0,1,0,0,0,697,0,0,279,279,2010-11-10 23:45:37.274240
404,4178dfbc-edb7-11df-aa30-1231350018b1,6,2010-11-11 17:15:17.623990,2,False,False,3,1,4,0,0,0,14,0,0,300,301,2010-11-11 17:15:34.415708
405,6403c1be-edb7-11df-aa30-1231350018b1,24,2010-11-11 17:16:15.563849,3,False,False,1,0,0,0,0,1,0,0,0,225,300,2010-11-11 17:16:59.600041
406,8fe1a990-edb7-11df-aa30-1231350018b1,24,2010-11-11 17:17:29.144042,3,False,False,1,0,0,0,0,1,0,2,0,225,300,2010-11-11 17:19:25.242016
407,e7edb9a8-edb7-11df-aa30-1231350018b1,24,2010-11-11 17:19:56.830098,2,False,False,1,0,1,0,0,0,136052,1,0,225,300,2010-11-11 17:22:21.116877
408,89db96c2-edb8-11df-aa30-1231350018b1,24,2010-11-11 17:24:28.522916,2,False,False,1,0,1,0,0,0,136052,0,0,300,301,2010-11-11 17:24:36.667755
409,c38df5a4-edb8-11df-aa30-1231350018b1,2,2010-11-11 17:26:05.300643,2,False,False,3,1,4,0,0,0,14,0,0,300,301,2010-11-11 17:26:22.237030
410,a537f226-edb8-11df-aa30-1231350018b1,33,2010-11-11 17:25:14.417178,3,False,False,5,0,0,0,0,5,0,27,0,305,304,2010-11-11 17:27:32.541538
411,5a2b160e-edb9-11df-aa30-1231350018b1,33,2010-11-11 17:30:18.119247,3,False,False,5,0,0,0,0,5,317718528,6,0,305,304,2010-11-11 17:36:14.626065
412,3cc65910-edba-11df-aa30-1231350018b1,33,2010-11-11 17:36:38.217974,2,False,False,5,0,5,0,0,0,2787734924,0,0,305,304,2010-11-11 17:37:42.836810
413,f023310c-edbc-11df-aa30-1231350018b1,1,2010-11-11 17:55:57.915569,2,False,False,1,0,1,0,0,0,4,0,0,300,301,2010-11-11 17:56:04.298646
414,1716a366-edbd-11df-aa30-1231350018b1,1,2010-11-11 17:57:03.250120,2,False,False,1,0,1,0,0,0,16,0,0,287,297,2010-11-11 17:57:24.340375
415,671e06cc-edc4-11df-aa30-1231350018b1,33,2010-11-11 18:49:24.343904,2,False,False,5,0,5,0,0,0,2787734924,0,0,309,308,2010-11-11 18:50:17.496697
416,21a95fb4-edca-11df-aa30-1231350018b1,58,2010-11-11 19:30:24.748624,2,False,False,5,0,5,0,0,0,2787734924,0,0,314,313,2010-11-11 19:31:21.286800
417,8c5e9002-edd1-11df-aa30-1231350018b1,58,2010-11-11 20:23:30.183210,3,False,False,1,0,0,0,0,1,0,7,0,316,248,2010-11-11 20:25:18.800177
418,cd5f1176-edd1-11df-aa30-1231350018b1,58,2010-11-11 20:25:19.214416,3,False,False,1,0,0,0,0,1,0,5,0,316,248,2010-11-11 20:26:34.235808
419,050322d8-edd3-11df-aa30-1231350018b1,58,2010-11-11 20:34:02.171809,2,False,False,1,0,1,0,0,0,25,0,0,316,248,2010-11-11 20:34:11.103640
420,8a12e624-edd4-11df-aa30-1231350018b1,24,2010-11-11 20:44:54.764636,2,False,False,1,0,1,0,0,0,83,0,0,317,300,2010-11-11 20:45:03.668998
421,a6435c38-edd5-11df-9c79-123139075e62,77,2010-11-11 20:54:32.291122,2,False,False,1,0,1,0,0,0,3103,0,0,300,301,2010-11-11 20:54:35.750157
422,72639d46-eddb-11df-aa30-1231350018b1,58,2010-11-11 21:34:21.529662,2,False,False,1,0,1,0,0,0,25,0,0,321,320,2010-11-11 21:34:29.992921
423,a1c7dac0-eddb-11df-aa30-1231350018b1,58,2010-11-11 21:35:41.022097,2,False,False,1,0,1,0,0,0,11,0,0,320,321,2010-11-11 21:35:50.315947
424,2007fefa-eddd-11df-aa30-1231350018b1,58,2010-11-11 21:46:22.231526,2,False,False,1,0,1,0,0,0,557693312,56,0,324,320,2010-11-11 22:22:27.467620
425,f402c2b4-ede0-11df-aa30-1231350018b1,58,2010-11-11 22:13:46.453525,2,False,False,1,0,1,0,0,0,557693312,0,0,324,320,2010-11-11 22:23:18.929817
426,e7566e82-ede8-11df-aa30-1231350018b1,14,2010-11-11 23:10:41.329644,2,False,False,5,0,5,0,0,0,1920024576,4,0,28,29,2010-11-11 23:16:48.324086
427,ba0c3294-ede9-11df-aa30-1231350018b1,58,2010-11-11 23:16:34.867849,2,False,False,5,0,5,0,0,0,2787734924,0,0,330,329,2010-11-11 23:17:32.553967
428,64414588-edea-11df-aa30-1231350018b1,50,2010-11-11 23:21:20.365332,2,False,False,1,0,1,0,0,0,697,0,0,278,279,2010-11-11 23:21:24.765417
429,6caeb96c-edea-11df-aa30-1231350018b1,50,2010-11-11 23:21:34.501242,2,False,False,1,0,1,0,0,0,697,0,0,279,279,2010-11-11 23:21:34.866011
430,4cf464d2-edea-11df-aa30-1231350018b1,14,2010-11-11 23:20:41.281630,2,False,False,1,0,1,0,0,0,320004096,0,0,28,29,2010-11-11 23:21:56.338763
431,9bc6cc58-edea-11df-aa30-1231350018b1,33,2010-11-11 23:22:53.522410,3,False,False,5,0,0,0,0,5,0,0,0,332,331,2010-11-11 23:23:05.390381
432,7a21f10e-edea-11df-aa30-1231350018b1,14,2010-11-11 23:21:57.060922,2,False,False,1,0,1,0,0,0,623304704,1,0,28,29,2010-11-11 23:23:27.970678
433,b33f1dd6-edea-11df-aa30-1231350018b1,14,2010-11-11 23:23:32.889189,2,False,False,1,0,1,0,0,0,320004096,0,0,28,29,2010-11-11 23:24:36.222385
434,570b7a20-ede8-11df-aa30-1231350018b1,62,2010-11-11 23:06:39.282054,3,False,False,0,1,0,0,0,1,0,229,0,328,327,2010-11-11 23:25:56.663080
435,da662e36-edea-11df-aa30-1231350018b1,14,2010-11-11 23:24:38.561644,2,False,False,1,0,1,0,0,0,320004096,0,0,28,29,2010-11-11 23:26:06.156238
436,1081307e-edeb-11df-aa30-1231350018b1,14,2010-11-11 23:26:09.315807,2,False,False,1,0,1,0,0,0,320004096,0,0,28,29,2010-11-11 23:27:00.544791
437,3ba64b40-edeb-11df-aa30-1231350018b1,58,2010-11-11 23:27:21.684893,3,False,False,1,0,0,0,0,1,0,2,0,336,334,2010-11-11 23:28:02.214434
438,5de909d6-edeb-11df-aa30-1231350018b1,58,2010-11-11 23:28:19.152063,3,False,False,1,0,0,0,0,1,0,5,0,336,334,2010-11-11 23:29:47.769966
439,941104be-edeb-11df-aa30-1231350018b1,58,2010-11-11 23:29:50.130467,3,False,False,1,0,0,0,0,1,305659904,0,0,336,334,2010-11-11 23:33:18.655803
440,88cb33bc-edec-11df-aa30-1231350018b1,58,2010-11-11 23:36:40.733330,2,False,False,1,0,1,0,0,0,11,0,0,335,334,2010-11-11 23:36:55.044636
441,a9908d04-edec-11df-aa30-1231350018b1,58,2010-11-11 23:37:35.702582,3,False,False,2,0,0,0,0,2,45613056,0,0,336,334,2010-11-11 23:39:05.691627
442,3abf858c-eded-11df-aa30-1231350018b1,62,2010-11-11 23:41:39.238835,2,False,False,3,1,4,0,0,0,422491680,0,0,328,333,2010-11-11 23:43:08.296355
443,5f602f68-eded-11df-aa30-1231350018b1,58,2010-11-11 23:42:40.674976,2,False,False,1,0,1,0,0,0,11,0,0,335,334,2010-11-11 23:43:12.344146
444,cb2321ee-edeb-11df-aa30-1231350018b1,58,2010-11-11 23:31:22.504112,2,False,False,1,0,1,0,0,0,933083520,1,0,336,335,2010-11-11 23:43:54.617036
445,e528acf2-edec-11df-aa30-1231350018b1,58,2010-11-11 23:39:15.675550,2,False,False,1,0,1,0,0,0,557693312,0,0,336,334,2010-11-11 23:45:00.548927
446,ad40fda6-edee-11df-aa30-1231350018b1,1,2010-11-11 23:52:00.873755,3,False,False,10000,1,1,0,0,10000,0,10,0,310,315,2010-11-11 23:54:31.407870
447,7dee11a8-edf1-11df-aa30-1231350018b1,14,2010-11-12 00:12:09.934410,2,False,False,225,1,226,0,0,0,864436,0,0,200,202,2010-11-12 00:14:30.472253
448,edd8874e-edfd-11df-aa30-1231350018b1,62,2010-11-12 01:41:11.636456,2,False,False,58,2,60,0,0,0,17045773856,0,0,328,333,2010-11-12 02:08:50.631853
449,4a3c471e-edef-11df-aa30-1231350018b1,1,2010-11-11 23:56:24.187308,2,False,False,10000,1,10001,0,0,0,1048576000000,0,0,310,315,2010-11-12 02:23:04.826234
450,427b63ec-ee04-11df-aa30-1231350018b1,1,2010-11-12 02:26:30.505337,2,False,False,10000,1,10001,0,0,0,1048576000000,0,0,310,315,2010-11-12 04:38:47.332767
451,f6957980-edeb-11df-aa30-1231350018b1,58,2010-11-11 23:32:35.416224,3,False,False,1,0,0,0,1,0,23330816,619,0,336,334,2010-11-12 05:33:06.568974
452,3f4c2cc6-ee20-11df-aa30-1231350018b1,1,2010-11-12 05:46:51.090748,2,False,False,1,0,1,0,0,0,16,0,0,310,337,2010-11-12 05:46:59.774614
453,28d854ae-ee18-11df-aa30-1231350018b1,1,2010-11-12 04:48:57.351599,2,False,False,10000,0,10000,0,0,0,1048576000000,10,0,310,315,2010-11-12 05:51:08.116728
454,1c05440a-ee57-11df-aa30-1231350018b1,1,2010-11-12 12:19:34.171377,2,False,False,0,1,1,0,0,0,0,0,0,310,315,2010-11-12 15:13:49.919110
455,af59e06a-ee72-11df-aa30-1231350018b1,29,2010-11-12 15:36:57.875680,2,False,False,3,1,4,0,0,0,14,0,0,300,301,2010-11-12 15:37:15.312112
456,346e020a-ee77-11df-aa30-1231350018b1,58,2010-11-12 16:09:19.195480,2,False,False,1,0,1,0,0,0,4,0,0,300,301,2010-11-12 16:09:27.931689
457,2a03f820-ee76-11df-aa30-1231350018b1,1,2010-11-12 16:02:51.023860,3,False,False,1123,0,1122,0,0,1,117755084800,13,0,310,315,2010-11-12 16:17:09.910482
458,c4cee132-ee79-11df-aa30-1231350018b1,6,2010-11-12 16:27:40.172264,3,False,False,0,1,0,0,0,1,0,0,0,300,301,2010-11-12 16:27:42.344890
459,cedec28c-ee79-11df-aa30-1231350018b1,6,2010-11-12 16:27:57.050060,3,False,False,0,1,0,0,0,1,0,0,0,300,301,2010-11-12 16:27:57.469790
460,0a955656-ee7a-11df-aa30-1231350018b1,6,2010-11-12 16:29:37.210135,2,False,False,1,0,1,0,0,0,16524,0,0,300,301,2010-11-12 16:29:42.989103
461,18097fce-ee7a-11df-aa30-1231350018b1,6,2010-11-12 16:29:59.776849,3,False,False,0,1,0,0,0,1,0,0,0,300,301,2010-11-12 16:30:02.964919
462,66026a06-ee7a-11df-aa30-1231350018b1,6,2010-11-12 16:32:10.644089,2,False,False,1,1,2,0,0,0,102,0,0,300,301,2010-11-12 16:32:28.768351
463,9d48e27e-ee7a-11df-aa30-1231350018b1,6,2010-11-12 16:33:43.360271,2,False,False,1,1,2,0,0,0,102,0,0,300,301,2010-11-12 16:33:59.078803
464,bb64facc-ee7a-11df-aa30-1231350018b1,6,2010-11-12 16:34:33.864977,2,False,False,1,1,2,0,0,0,102,0,0,300,301,2010-11-12 16:34:49.289592
465,942b5dc8-ee7c-11df-aa30-1231350018b1,33,2010-11-12 16:47:47.246643,2,False,False,5,0,5,0,0,0,2787734924,0,0,339,338,2010-11-12 16:48:57.721901
466,9c71cb24-ee7d-11df-aa30-1231350018b1,33,2010-11-12 16:55:10.661612,2,False,False,5,0,5,0,0,0,2787734924,0,0,341,340,2010-11-12 16:56:17.080521
467,eb48c2c4-ee88-11df-aa30-1231350018b1,40,2010-11-12 18:16:07.159070,3,False,False,1,0,0,0,0,1,0,1,0,242,342,2010-11-12 18:16:57.525497
468,0cb79c78-ee89-11df-aa30-1231350018b1,40,2010-11-12 18:17:03.237511,3,False,False,1,0,0,0,0,1,0,1,0,242,342,2010-11-12 18:17:32.744154
469,7f34c6ae-ee89-11df-aa30-1231350018b1,40,2010-11-12 18:20:15.316220,2,False,False,1,0,1,0,0,0,1427914752,0,0,242,342,2010-11-12 18:20:56.449167
470,31b28cda-ee8a-11df-aa30-1231350018b1,1,2010-11-12 18:25:15.076560,2,False,False,1,0,1,0,0,0,4,0,0,300,301,2010-11-12 18:25:24.707704
471,61d603ce-ee8a-11df-aa30-1231350018b1,1,2010-11-12 18:26:35.821584,2,False,False,1,0,1,0,0,0,4,0,0,300,301,2010-11-12 18:26:45.046479
472,f85423e4-ee8a-11df-aa30-1231350018b1,1,2010-11-12 18:30:48.250931,2,False,False,1,0,1,0,0,0,16,0,0,287,297,2010-11-12 18:31:07.784425
473,d518888c-ee8c-11df-aa30-1231350018b1,40,2010-11-12 18:44:08.182453,3,False,False,1,0,0,0,0,1,0,1,0,242,342,2010-11-12 18:44:24.032513
474,efafdf9c-ee8c-11df-aa30-1231350018b1,40,2010-11-12 18:44:52.785905,2,False,False,1,0,1,0,0,0,1427914752,1,0,242,342,2010-11-12 18:45:34.143421
475,5bdff6a2-ee8d-11df-aa30-1231350018b1,40,2010-11-12 18:47:54.298621,2,False,False,1,0,1,0,0,0,1427914752,1,0,242,342,2010-11-12 18:48:43.333796
476,e9b866d0-ee8d-11df-aa30-1231350018b1,1,2010-11-12 18:51:52.223300,3,False,False,1,0,0,0,0,1,0,1,0,300,287,2010-11-12 18:52:51.081336
477,3a1ce196-ee8e-11df-aa30-1231350018b1,1,2010-11-12 18:54:07.069880,2,False,False,1,0,1,0,0,0,4,0,0,300,287,2010-11-12 18:54:16.508762
478,8f9dea20-ee8e-11df-aa30-1231350018b1,1,2010-11-12 18:56:30.490010,2,False,False,1,0,1,0,0,0,4,0,0,300,287,2010-11-12 18:57:02.233124
479,d899228a-ee8e-11df-aa30-1231350018b1,1,2010-11-12 18:58:32.904982,2,False,False,3,1,4,0,0,0,14,0,0,300,287,2010-11-12 18:59:29.906662
480,b523c6e8-ee93-11df-aa30-1231350018b1,40,2010-11-12 19:33:21.072531,2,False,False,1,0,1,0,0,0,1427914752,1,0,242,342,2010-11-12 19:34:10.262574
481,48b74c34-ee96-11df-aa30-1231350018b1,40,2010-11-12 19:51:47.454133,3,False,False,1,0,0,0,0,1,765460480,2,0,242,342,2010-11-12 19:52:40.045643
482,7f2fb1d6-ee76-11df-aa30-1231350018b1,1,2010-11-12 16:05:30.843220,3,False,False,7000,0,0,0,0,7000,0,0,0,310,315,2010-11-12 20:35:23.060920
483,a823894a-ee9f-11df-aa30-1231350018b1,1,2010-11-12 20:58:53.015552,2,False,False,3,1,4,0,0,0,14,0,0,300,287,2010-11-12 20:59:55.335487
484,0b2aaba4-eea0-11df-aa30-1231350018b1,1,2010-11-12 21:01:39.120792,2,False,False,3,1,4,0,0,0,14,0,0,300,301,2010-11-12 21:02:02.412757
485,6353eb1c-eea3-11df-9c79-123139075e62,78,2010-11-12 21:26:07.775935,2,False,False,1,0,1,0,0,0,675,0,0,300,301,2010-11-12 21:26:25.987692
486,2d76b6ae-eea4-11df-9c79-123139075e62,78,2010-11-12 21:38:47.773493,2,False,False,1,0,1,0,0,0,3103,0,0,300,301,2010-11-12 21:39:25.522271
487,680f4230-eea5-11df-9c79-123139075e62,78,2010-11-12 21:40:49.623091,3,False,False,2,1,1,0,0,2,0,0,0,300,301,2010-11-12 22:19:04.256080
488,e9a3bcb2-eea1-11df-9c79-123139075e62,78,2010-11-12 21:15:42.823642,3,False,False,1,0,0,0,0,1,0,1,0,300,301,2010-11-12 22:22:35.474712
489,af12ed02-eea1-11df-9c79-123139075e62,78,2010-11-12 21:15:01.337759,3,False,False,1,0,0,0,0,1,0,0,0,300,301,2010-11-12 22:22:45.531610
490,5fc0ddd6-eea1-11df-9c79-123139075e62,78,2010-11-12 21:13:23.528298,3,False,False,1,0,0,0,0,1,0,0,0,300,301,2010-11-12 22:22:55.620059
491,31d7ce6f-ee9e-11df-9c79-123139075e62,78,2010-11-12 21:11:10.129031,3,False,False,1,0,0,0,0,1,0,131,0,300,301,2010-11-12 22:23:10.672251
492,42832688-ee98-11df-9c79-123139075e62,78,2010-11-12 20:07:56.335738,3,False,False,1,0,0,0,0,1,0,137,0,300,301,2010-11-12 22:23:25.774822
493,0a47ce06-eeaa-11df-9c79-123139075e62,78,2010-11-12 22:24:46.684209,2,False,False,2,1,3,0,0,0,35,0,0,300,301,2010-11-12 22:25:11.462008
494,f2be4b92-ef2c-11df-aa30-1231350018b1,50,2010-11-13 13:50:17.400977,2,False,False,1,0,1,0,0,0,697,0,0,278,279,2010-11-13 13:50:19.189463
495,fb18a60c-ef2c-11df-aa30-1231350018b1,50,2010-11-13 13:50:31.411597,2,False,False,1,0,1,0,0,0,697,0,0,279,279,2010-11-13 13:50:34.295390
496,494ff1b8-ef2d-11df-aa30-1231350018b1,50,2010-11-13 13:52:42.607374,2,False,False,1,0,1,0,0,0,697,0,0,278,279,2010-11-13 13:52:44.762987
497,0919ef30-ef38-11df-aa30-1231350018b1,6,2010-11-13 15:09:38.856371,2,False,False,1,0,1,0,0,0,17046,0,0,300,301,2010-11-13 15:09:47.488520
498,ef4e3d86-ef5a-11df-aa30-1231350018b1,50,2010-11-13 19:19:28.372357,2,False,False,1,0,1,0,0,0,697,0,0,280,281,2010-11-13 19:19:33.232146
499,0483f8d0-ef5b-11df-aa30-1231350018b1,6,2010-11-13 19:20:03.948914,3,False,False,0,1,0,0,0,1,0,19,0,343,344,2010-11-13 19:21:48.887455
